date,mean_sentiment,Volume,Volume Weighted,Open,Close,High,Low,Count
2021-04-22,0.5541666666666667,51539000.0,166.7387,168.584,165.452,168.6435,165.0725,141914.0
2021-04-23,0.0223412698412698,63932240.0,167.2841,165.955,167.044,168.75,165.425,136899.0
2021-04-24,0.0316872427983539,63932240.0,167.2841,165.955,167.044,168.75,165.425,136899.0
2021-04-25,0.1178571428571428,63932240.0,167.2841,165.955,167.044,168.75,165.425,136899.0
2021-04-26,0.065,97614160.0,169.5083,167.4,170.45,171.4225,166.547,229396.0
2021-04-27,0.11,76542800.0,171.2334,172.1735,170.8715,173.0,169.9005,182726.0
2021-04-28,0.1848181818181818,92637680.0,173.384,171.74,172.925,174.494,171.25,220336.0
2021-04-29,0.0366666666666666,153647620.0,175.3246,175.2549,173.5655,175.7223,171.75,377685.0
2021-04-30,-0.0655555555555555,139402000.0,175.3274,176.256,173.371,177.7,173.125,314972.0
2021-05-01,0.0211607142857142,139402000.0,175.3274,176.256,173.371,177.7,173.125,314972.0
2021-05-02,0.1714285714285714,139402000.0,175.3274,176.256,173.371,177.7,173.125,314972.0
2021-05-03,0.0451190476190476,116310600.0,170.8723,174.2365,169.3245,174.3323,168.6351,270975.0
2021-05-04,0.0095714285714285,108716980.0,165.5132,167.8095,165.5935,168.3988,163.6065,282615.0
2021-05-05,0.025,74226160.0,165.088,166.9428,163.527,167.7348,163.218,202539.0
2021-05-06,0.2136363636363636,88953920.0,164.2884,163.5,165.3185,165.72,162.36,196856.0
2021-05-07,0.0799880952380952,94205520.0,165.3311,165.9545,164.5805,166.5445,164.4535,200632.0
2021-05-08,0.0360714285714285,94205520.0,165.3311,165.9545,164.5805,166.5445,164.4535,200632.0
2021-05-09,0.4,94205520.0,165.3311,165.9545,164.5805,166.5445,164.4535,200632.0
2021-05-10,0.1,116572060.0,160.9544,164.116,159.5245,164.15,159.5,270467.0
2021-05-11,0.1779444444444444,92395620.0,159.8018,156.814,161.1955,161.9,156.3685,228010.0
2021-05-12,0.1775,98728200.0,158.0675,159.25,157.597,160.397,156.655,236517.0
2021-05-13,0.0733333333333333,67137540.0,158.1955,159.2735,158.0735,160.192,156.65,186979.0
2021-05-14,0.0903030303030303,66500440.0,160.6725,159.278,161.145,161.443,159.15,149373.0
2021-05-15,0.0875,66500440.0,160.6725,159.278,161.145,161.443,159.15,149373.0
2021-05-16,0.1416666666666667,66500440.0,160.6725,159.278,161.145,161.443,159.15,149373.0
2021-05-17,-0.0657142857142857,74478500.0,163.2724,162.2965,163.5195,164.6375,161.7295,174135.0
2021-05-18,-0.02125,56567820.0,163.7378,164.6288,161.614,165.6,161.5185,152928.0
2021-05-19,0.0463888888888888,53582160.0,160.744,159.75,161.59,161.7375,159.2,148480.0
2021-05-20,0.0933333333333333,52663840.0,162.3593,162.2202,162.384,162.984,161.809,126849.0
2021-05-21,0.0664285714285714,82097640.0,160.7127,162.5,160.154,162.8347,159.8505,173247.0
2021-05-22,0.1516666666666666,82097640.0,160.7127,162.5,160.154,162.8347,159.8505,173247.0
2021-05-23,0.2107142857142857,82097640.0,160.7127,162.5,160.154,162.8347,159.8505,173247.0
2021-05-24,0.0945714285714285,48256260.0,162.1822,160.775,162.2495,162.8975,160.525,123767.0
2021-05-25,0.0534545454545454,65222180.0,162.4488,163.3335,162.9525,163.991,160.688,158872.0
2021-05-26,0.1049999999999999,47679720.0,163.6536,163.7295,163.258,164.7865,162.9255,138708.0
2021-05-27,0.2087878787878788,51223140.0,162.1766,162.8,161.5055,163.0178,161.502,137881.0
2021-05-28,-0.01,46630180.0,161.6697,162.1,161.1535,162.3995,160.985,127454.0
2021-05-29,0.1666666666666666,46630180.0,161.6697,162.1,161.1535,162.3995,160.985,127454.0
2021-05-30,0.0297619047619047,46630180.0,161.6697,162.1,161.1535,162.3995,160.985,127454.0
2021-05-31,0.2430952380952381,46630180.0,161.6697,162.1,161.1535,162.3995,160.985,127454.0
2021-06-01,0.09625,48600900.0,161.2615,162.1748,160.9325,162.549,160.453,125695.0
2021-06-02,0.21,40290480.0,161.1926,161.155,161.6995,161.75,160.4,122805.0
2021-06-03,0.1189821428571428,47941360.0,159.7982,160.2115,159.3505,160.7218,159.2015,152143.0
2021-06-04,0.065,44994980.0,160.4755,160.6,160.311,161.05,159.9405,123003.0
2021-06-05,0.2736111111111111,44994980.0,160.4755,160.6,160.311,161.05,159.9405,123003.0
2021-06-06,0.12,44994980.0,160.4755,160.6,160.311,161.05,159.9405,123003.0
2021-06-07,0.1625,44315120.0,159.6788,159.8665,159.9005,160.4,158.61,140751.0
2021-06-08,0.1721428571428571,68334600.0,162.7673,161.1305,163.2055,163.9766,160.9005,167031.0
2021-06-09,0.1683333333333333,49110600.0,164.2962,163.6435,164.0575,164.879,163.535,137740.0
2021-06-10,0.0704978354978355,69452600.0,166.3699,164.1005,167.4825,167.55,164.0575,169736.0
2021-06-11,0.0264285714285714,54347040.0,167.3912,167.4825,167.3415,168.329,166.6725,148937.0
2021-06-12,0.1511904761904762,54347040.0,167.3912,167.4825,167.3415,168.329,166.6725,148937.0
2021-06-13,0.119047619047619,54347040.0,167.3912,167.4825,167.3415,168.329,166.6725,148937.0
2021-06-14,0.026103896103896,51093100.0,168.5182,167.3415,169.1935,169.25,166.775,117442.0
2021-06-15,0.31225,48524000.0,168.9475,169.2,169.1565,169.8493,168.1555,117989.0
2021-06-16,0.1154978354978355,84055640.0,170.1084,169.6,170.7625,171.3175,168.0265,188631.0
2021-06-17,-0.06875,102646620.0,173.1412,170.159,174.462,174.86,170.05,222699.0
2021-06-18,0.0677380952380952,104954740.0,174.5387,173.9995,174.345,175.35,173.6855,201606.0
2021-06-19,0.0555555555555555,104954740.0,174.5387,173.9995,174.345,175.35,173.6855,201606.0
2021-06-20,0.1200324675324675,104954740.0,174.5387,173.9995,174.345,175.35,173.6855,201606.0
2021-06-21,0.0560714285714285,65417800.0,172.9858,173.821,172.698,174.1,171.7,165091.0
2021-06-22,0.12,66901640.0,175.0075,172.903,175.272,176.189,172.8045,163606.0
2021-06-23,0.2067142857142857,54266820.0,175.0825,175.25,175.191,176.05,174.16,138412.0
2021-06-24,0.1776190476190476,76639980.0,173.6265,175.382,172.454,176.243,171.5425,202080.0
2021-06-25,0.0968939393939394,78717340.0,170.4563,173.2,170.073,173.241,169.709,187863.0
2021-06-26,0.0433333333333333,78717340.0,170.4563,173.2,170.073,173.241,169.709,187863.0
2021-06-27,0.2666666666666666,78717340.0,170.4563,173.2,170.073,173.241,169.709,187863.0
2021-06-28,0.083,44755860.0,171.713,170.8,172.1945,172.4,170.6755,123709.0
2021-06-29,0.0579999999999999,41968780.0,172.1572,171.941,172.407,172.8015,171.1515,107940.0
2021-06-30,0.1266363636363636,48019840.0,172.6486,172.053,172.008,173.5801,171.75,112791.0
2021-07-01,-0.0083333333333333,40741060.0,171.5707,171.7305,171.6485,172.85,170.471,112681.0
2021-07-02,0.2357142857142856,63511140.0,174.053,172.582,175.549,175.586,171.846,149295.0
2021-07-03,0.2,63511140.0,174.053,172.582,175.549,175.586,171.846,149295.0
2021-07-04,0.2095238095238095,63511140.0,174.053,172.582,175.549,175.586,171.846,149295.0
2021-07-05,0.0433333333333333,63511140.0,174.053,172.582,175.549,175.586,171.846,149295.0
2021-07-06,0.1821666666666666,134865360.0,181.6817,176.5055,183.787,184.274,176.45,370654.0
2021-07-07,0.1,105461240.0,185.293,185.8689,184.829,186.71,183.9455,269133.0
2021-07-08,0.0214285714285714,103576260.0,185.0086,182.178,186.5705,187.9993,181.056,264135.0
2021-07-09,0.1041666666666666,74861740.0,186.0788,186.126,185.967,187.4,184.6698,185464.0
2021-07-10,0.06,74861740.0,186.0788,186.126,185.967,187.4,184.6698,185464.0
2021-07-11,0.0628571428571428,74861740.0,186.0788,186.126,185.967,187.4,184.6698,185464.0
2021-07-12,0.0713492063492063,51432700.0,185.9623,187.2,185.9275,187.8645,184.8396,141488.0
2021-07-13,0.0141666666666666,76918340.0,186.1382,185.105,183.868,188.6539,183.566,190514.0
2021-07-14,0.1879166666666666,65131360.0,184.6584,185.4425,184.084,185.883,183.0413,156692.0
2021-07-15,0.0870454545454545,63659840.0,182.2991,184.71,181.56,184.77,181.046,180273.0
2021-07-16,0.1376666666666666,80820120.0,179.5407,181.6655,178.6815,182.303,178.5228,186260.0
2021-07-17,0.121875,80820120.0,179.5407,181.6655,178.6815,182.303,178.5228,186260.0
2021-07-18,0.2592857142857142,80820120.0,179.5407,181.6655,178.6815,182.303,178.5228,186260.0
2021-07-19,0.1122077922077922,75691900.0,176.4777,176.629,177.4795,177.5105,174.958,206647.0
2021-07-20,0.0446111111111111,64813600.0,178.2029,178.366,178.6595,179.6,175.9,161280.0
2021-07-21,0.0348121212121212,46053780.0,178.4749,178.8188,179.26,179.3225,177.1821,126313.0
2021-07-22,0.11,65307040.0,181.2191,179.3615,181.9015,182.001,179.1135,134363.0
2021-07-23,0.03,48525840.0,182.5769,182.0,182.832,183.3055,181.102,124047.0
2021-07-24,0.175,48525840.0,182.5769,182.0,182.832,183.3055,181.102,124047.0
2021-07-25,0.11,48525840.0,182.5769,182.0,182.832,183.3055,181.102,124047.0
2021-07-26,0.056,57301360.0,184.662,183.6585,184.991,185.604,182.3625,141928.0
2021-07-27,0.1876046176046176,82637800.0,181.2193,184.925,181.3195,184.925,179.3075,215885.0
2021-07-28,0.2003571428571428,59987560.0,181.5244,181.689,181.516,182.921,180.05,153230.0
2021-07-29,0.0,110399040.0,176.081,181.3875,179.996,181.8975,179.0005,346725.0
2021-07-30,0.0322123015873015,199281260.0,167.0935,167.3975,166.3795,168.407,165.349,625283.0
2021-07-31,0.155,199281260.0,167.0935,167.3975,166.3795,168.407,165.349,625283.0
2021-08-01,0.1111111111111111,199281260.0,167.0935,167.3975,166.3795,168.407,165.349,625283.0
2021-08-02,0.1214393939393939,66886300.0,166.6949,167.655,166.574,167.946,165.85,251829.0
2021-08-03,0.0604220779220779,82546860.0,167.369,167.036,168.312,169.55,164.9885,246723.0
2021-08-04,-0.0164285714285714,43678900.0,168.05,168.9675,167.736,169.444,167.278,145439.0
2021-08-05,-0.0304166666666666,47070060.0,168.6823,167.811,168.7995,169.45,167.046,137950.0
2021-08-06,0.0580357142857142,52752880.0,167.2461,168.75,167.247,168.75,166.4519,156593.0
2021-08-07,0.2692857142857143,52752880.0,167.2461,168.75,167.247,168.75,166.4519,156593.0
2021-08-08,0.1622619047619047,52752880.0,167.2461,168.75,167.247,168.75,166.4519,156593.0
2021-08-09,0.0189285714285714,42869400.0,167.0371,167.1805,167.0935,167.744,166.426,122067.0
2021-08-10,-0.0202777777777777,47801020.0,166.41,167.2505,166.034,167.9,165.75,140754.0
2021-08-11,0.0604545454545454,58944980.0,164.9127,166.5723,164.6055,166.885,163.8895,194165.0
2021-08-12,0.0485,46426460.0,164.8028,164.5,165.175,165.7255,163.4835,137475.0
2021-08-13,0.03,41133980.0,164.5635,165.2835,164.6985,165.3033,164.15,122198.0
2021-08-14,0.0625,41133980.0,164.5635,165.2835,164.6985,165.3033,164.15,122198.0
2021-08-15,0.105,41133980.0,164.5635,165.2835,164.6985,165.3033,164.15,122198.0
2021-08-16,0.0892857142857142,66569880.0,162.9489,164.15,164.9495,165.0,160.5565,207711.0
2021-08-17,0.1947619047619047,67758440.0,162.4084,163.875,162.098,164.0245,161.284,187346.0
2021-08-18,-0.0151190476190476,54386220.0,161.1119,162.0995,160.061,162.7049,160.0,173523.0
2021-08-19,0.0699999999999999,74457240.0,160.2433,159.701,159.3875,161.65,159.1232,191232.0
2021-08-20,0.1607142857142857,66298560.0,159.5245,160.1936,159.9975,160.3905,158.788,192109.0
2021-08-21,0.0519047619047619,66298560.0,159.5245,160.1936,159.9975,160.3905,158.788,192109.0
2021-08-22,0.0085714285714285,66298560.0,159.5245,160.1936,159.9975,160.3905,158.788,192109.0
2021-08-23,0.045,65362620.0,162.8822,160.595,163.2935,164.045,160.5003,161928.0
2021-08-24,0.2191071428571428,51036820.0,164.9904,164.0,165.289,165.7747,163.729,146849.0
2021-08-25,0.192564935064935,33606120.0,164.9358,165.4935,164.959,166.05,164.3075,116100.0
2021-08-26,0.1753214285714285,41375220.0,165.7957,164.95,165.8,166.6,164.8,118469.0
2021-08-27,0.11,48047380.0,166.8539,166.6615,167.4815,167.616,165.6875,129092.0
2021-08-28,0.0512878787878787,48047380.0,166.8539,166.6615,167.4815,167.616,165.6875,129092.0
2021-08-29,0.16,48047380.0,166.8539,166.6615,167.4815,167.616,165.6875,129092.0
2021-08-30,0.035,63807080.0,170.8547,167.8713,171.0785,172.25,167.761,191516.0
2021-08-31,0.0622222222222222,87032680.0,172.574,171.24,173.5395,173.629,169.7795,170893.0
2021-09-01,0.0975,72598220.0,175.2179,174.8198,173.95,176.35,173.762,209047.0
2021-09-02,-0.02,58511880.0,174.1302,174.738,173.156,175.598,172.75,149245.0
2021-09-03,0.0142592592592592,51566480.0,172.9721,172.6,173.9025,174.1335,171.822,137592.0
2021-09-04,0.015,51566480.0,172.9721,172.6,173.9025,174.1335,171.822,137592.0
2021-09-05,0.1833333333333333,51566480.0,172.9721,172.6,173.9025,174.1335,171.822,137592.0
2021-09-06,0.1206060606060605,51566480.0,172.9721,172.6,173.9025,174.1335,171.822,137592.0
2021-09-07,0.1913333333333333,55517880.0,175.519,173.9,175.4645,176.4045,173.847,158497.0
2021-09-08,0.1486363636363636,61015280.0,176.0333,175.5825,176.275,177.2815,174.7835,155684.0
2021-09-09,0.0232467532467532,54384820.0,175.6455,176.301,174.208,177.4995,174.0185,145322.0
2021-09-10,0.2991558441558441,47945380.0,174.2193,175.0915,173.4575,175.4225,173.1453,128258.0
2021-09-11,0.2592857142857142,47945380.0,174.2193,175.0915,173.4575,175.4225,173.1453,128258.0
2021-09-12,0.2738095238095238,47945380.0,174.2193,175.0915,173.4575,175.4225,173.1453,128258.0
2021-09-13,0.1083874458874459,52148940.0,173.1211,174.14,172.8585,174.898,171.9,136815.0
2021-09-14,-0.0766666666666666,39968560.0,172.9276,173.7775,172.5,174.3403,171.8855,116508.0
2021-09-15,0.0916125541125541,60278980.0,172.2448,172.126,173.7895,174.271,170.1005,159903.0
2021-09-16,0.1614285714285714,51671960.0,173.6599,172.998,174.412,174.6275,172.3072,120734.0
2021-09-17,0.1164115646258503,92331120.0,173.5478,174.4207,173.126,174.8705,172.6065,139489.0
2021-09-18,0.1699999999999999,92331120.0,173.5478,174.4207,173.126,174.8705,172.6065,139489.0
2021-09-19,0.1254761904761904,92331120.0,173.5478,174.4207,173.126,174.8705,172.6065,139489.0
2021-09-20,0.0266666666666666,93143900.0,167.6868,169.8,167.7865,170.95,165.2505,262425.0
2021-09-21,-0.0702777777777777,55617560.0,167.7418,168.75,167.1815,168.985,166.6195,150505.0
2021-09-22,0.2392857142857142,48228060.0,168.5281,167.55,169.0025,169.45,167.0525,130357.0
2021-09-23,0.0386363636363636,47588280.0,170.5604,169.0025,170.8,171.448,169.0025,122088.0
2021-09-24,0.175,42324820.0,170.4508,170.1005,171.276,171.463,169.67,108988.0
2021-09-25,0.1111111111111111,42324820.0,170.4508,170.1005,171.276,171.463,169.67,108988.0
2021-09-26,0.2389285714285714,42324820.0,170.4508,170.1005,171.276,171.463,169.67,108988.0
2021-09-27,0.09875,72661000.0,168.778,168.575,170.29,170.7785,166.9805,175620.0
2021-09-28,0.0736363636363636,88579580.0,165.9885,167.8855,165.798,168.4595,164.505,230556.0
2021-09-29,0.05,51245360.0,166.0126,166.1055,165.056,167.565,164.8935,137607.0
2021-09-30,0.1745238095238095,57912940.0,164.9356,165.8,164.252,166.3925,163.6995,146891.0
2021-10-01,0.1313419913419913,56712340.0,163.9069,164.4505,164.163,165.4587,162.797,155929.0
2021-10-02,0.0874025974025974,56712340.0,163.9069,164.4505,164.163,165.4587,162.797,155929.0
2021-10-03,0.0492857142857142,56712340.0,163.9069,164.4505,164.163,165.4587,162.797,155929.0
2021-10-04,0.0335714285714285,90461140.0,160.0319,163.9695,159.489,163.9995,158.8125,284936.0
2021-10-05,0.1553333333333333,65382160.0,161.7806,160.225,161.05,163.0365,160.1232,156917.0
2021-10-06,0.0306376262626262,50659540.0,162.0044,160.6765,163.1005,163.217,159.931,141936.0
2021-10-07,0.0077777777777777,48181500.0,165.5614,164.577,165.1215,166.2873,164.153,140135.0
2021-10-08,-0.0422916666666666,40646660.0,165.1205,165.85,164.431,166.0715,164.41,119976.0
2021-10-09,0.1145454545454545,40646660.0,165.1205,165.85,164.431,166.0715,164.41,119976.0
2021-10-10,0.0,40646660.0,165.1205,165.85,164.431,166.0715,164.41,119976.0
2021-10-11,0.050625,40684060.0,163.1601,163.75,162.315,164.6295,161.905,138871.0
2021-10-12,0.065,36391420.0,162.5296,162.85,162.3665,163.3764,161.814,113786.0
2021-10-13,0.0839285714285714,48501720.0,163.8813,163.4855,164.214,164.419,163.0544,116775.0
2021-10-14,0.155,42222400.0,165.1534,165.1227,164.993,165.63,164.539,114482.0
2021-10-15,0.1326046176046176,101074820.0,168.651,165.571,170.451,170.521,165.2,219397.0
2021-10-16,0.1519047619047619,101074820.0,168.651,165.571,170.451,170.521,165.2,219397.0
2021-10-17,0.2262824675324675,101074820.0,168.651,165.571,170.451,170.521,165.2,219397.0
2021-10-18,0.0506349206349206,63230300.0,171.2257,169.4179,172.337,172.4585,169.255,180494.0
2021-10-19,0.2,47721580.0,171.9371,171.7145,172.2075,172.7345,171.1,136588.0
2021-10-20,0.045,42389540.0,171.3241,172.633,170.753,173.143,170.0185,131851.0
2021-10-21,0.0983333333333333,37627700.0,171.459,170.7125,171.7505,172.014,170.15,118851.0
2021-10-22,-0.0014682539682539,62581060.0,168.1678,171.05,166.7775,171.492,166.565,191587.0
2021-10-23,0.1333549783549783,62581060.0,168.1678,171.05,166.7775,171.492,166.565,191587.0
2021-10-24,0.0679012345679012,62581060.0,168.1678,171.05,166.7775,171.492,166.565,191587.0
2021-10-25,0.039090909090909,44519120.0,165.9567,166.75,166.0185,167.39,164.885,165077.0
2021-10-26,-0.0049999999999999,53366840.0,169.2961,167.4755,168.8035,170.806,167.199,166253.0
2021-10-27,0.05,54044480.0,170.0827,169.4,169.6245,171.85,168.5727,166769.0
2021-10-28,0.09,114174660.0,170.8382,170.1048,172.3285,173.95,169.3,302600.0
2021-10-29,0.0274444444444444,129721540.0,166.6494,165.001,168.6215,168.741,163.666,340476.0
2021-10-30,0.1294696969696969,129721540.0,166.6494,165.001,168.6215,168.741,163.666,340476.0
2021-10-31,0.0882142857142857,129721540.0,166.6494,165.001,168.6215,168.741,163.666,340476.0
2021-11-01,0.0361931818181818,72177580.0,166.2482,168.09,165.9055,168.793,164.601,232568.0
2021-11-02,0.145,52551800.0,165.2067,165.7505,165.6375,166.5558,164.1775,168205.0
2021-11-03,0.0325,67943780.0,167.5606,165.45,169.2,169.746,164.876,189953.0
2021-11-04,0.0278571428571428,107050400.0,172.9525,168.5,173.85,174.9313,168.25,266929.0
2021-11-05,0.089069264069264,99839020.0,176.4941,173.85,175.9495,178.3125,173.849,248626.0
2021-11-06,0.1169696969696969,99839020.0,176.4941,173.85,175.9495,178.3125,173.849,248626.0
2021-11-07,-0.0234090909090909,99839020.0,176.4941,173.85,175.9495,178.3125,173.849,248626.0
2021-11-08,0.0792857142857142,61479840.0,175.9657,176.162,174.449,178.95,174.393,194048.0
2021-11-09,0.1666666666666666,85898440.0,177.8186,175.7625,178.8115,179.6885,175.0713,232272.0
2021-11-10,0.0948611111111111,80547380.0,176.976,178.1935,174.1025,180.2725,173.1545,236741.0
2021-11-11,0.0616666666666666,44888120.0,175.0853,175.65,173.625,177.162,173.3735,139744.0
2021-11-12,0.12,53604680.0,175.4115,174.25,176.2575,177.0363,172.3525,150660.0
2021-11-13,0.133015873015873,53604680.0,175.4115,174.25,176.2575,177.0363,172.3525,150660.0
2021-11-14,0.0,53604680.0,175.4115,174.25,176.2575,177.0363,172.3525,150660.0
2021-11-15,0.0816666666666666,57594380.0,177.5989,176.85,177.284,179.694,176.2905,160900.0
2021-11-16,0.1008333333333333,44341420.0,177.3643,176.95,177.035,178.825,176.2573,128414.0
2021-11-17,0.1559523809523809,50868600.0,178.2573,178.236,177.45,179.3623,177.2675,149754.0
2021-11-18,0.1232467532467532,114070760.0,182.6477,178.3175,184.803,185.21,178.05,294574.0
2021-11-19,0.21975,98734060.0,186.0351,185.6345,183.8285,188.1073,183.786,255853.0
2021-11-20,0.075,98734060.0,186.0351,185.6345,183.8285,188.1073,183.786,255853.0
2021-11-21,0.189047619047619,98734060.0,186.0351,185.6345,183.8285,188.1073,183.786,255853.0
2021-11-22,0.1016666666666666,96885600.0,180.712,183.8188,178.6285,185.6728,178.375,278622.0
2021-11-23,-0.055,73584920.0,178.4609,179.252,179.002,181.0525,176.3855,179284.0
2021-11-24,0.1687070707070707,46560360.0,178.8543,178.1335,179.0205,180.682,176.8425,141672.0
2021-11-25,0.3416666666666666,46560360.0,178.8543,178.1335,179.0205,180.682,176.8425,141672.0
2021-11-26,-0.0516666666666666,59825940.0,177.3054,180.1048,175.228,181.675,175.2075,172840.0
2021-11-27,0.073469387755102,59825940.0,177.3054,180.1048,175.228,181.675,175.2075,172840.0
2021-11-28,0.0,59825940.0,177.3054,180.1048,175.228,181.675,175.2075,172840.0
2021-11-29,0.0416666666666666,65309040.0,178.4763,177.3822,178.0785,179.8,176.575,176753.0
2021-11-30,0.0833333333333333,80022140.0,176.1701,178.175,175.3535,179.2885,174.6005,214429.0
2021-12-01,0.1636363636363636,75139900.0,175.1166,177.25,172.186,177.994,172.08,209917.0
2021-12-02,0.1366666666666666,64721160.0,172.4526,173.0,171.868,174.635,171.1875,179464.0
2021-12-03,-0.055,80711000.0,169.2775,172.75,169.4895,173.4933,166.93,240106.0
2021-12-04,0.1593181818181818,80711000.0,169.2775,172.75,169.4895,173.4933,166.93,240106.0
2021-12-05,0.136734693877551,80711000.0,169.2775,172.75,169.4895,173.4933,166.93,240106.0
2021-12-06,0.0727579365079365,68860000.0,170.9361,169.65,171.3685,173.6955,166.9345,198991.0
2021-12-07,0.0516161616161616,66410720.0,175.9664,174.6,176.1645,177.4995,173.3345,175765.0
2021-12-08,0.1207023809523809,45253660.0,175.9139,176.1505,176.158,177.18,174.7505,135192.0
2021-12-09,0.295,46061820.0,175.0074,175.75,174.171,176.9695,174.1395,130880.0
2021-12-10,0.055,60568120.0,172.0472,175.417,172.212,175.927,170.5,171862.0
2021-12-11,0.2130357142857143,60568120.0,172.0472,175.417,172.212,175.927,170.5,171862.0
2021-12-12,0.1510204081632652,60568120.0,172.0472,175.417,172.212,175.927,170.5,171862.0
2021-12-13,0.1764285714285714,50127500.0,170.1467,172.0,169.5675,172.1,169.13,175947.0
2021-12-14,0.1289285714285714,55975280.0,167.9661,167.55,169.0915,169.499,166.44,170610.0
2021-12-15,0.2701046176046175,75794260.0,169.1377,168.598,173.315,173.6,165.195,222566.0
2021-12-16,0.14,60876840.0,170.2812,173.3686,168.871,174.166,168.1603,179072.0
2021-12-17,0.0932142857142857,85397160.0,169.1449,167.7105,170.0175,170.8985,165.6136,168582.0
2021-12-18,0.3225,85397160.0,169.1449,167.7105,170.0175,170.8985,165.6136,168582.0
2021-12-19,0.125,85397160.0,169.1449,167.7105,170.0175,170.8985,165.6136,168582.0
2021-12-20,0.15,57372660.0,166.7711,166.85,167.079,167.8743,165.6,193163.0
2021-12-21,0.0642857142857142,55955820.0,168.7409,167.8505,170.417,170.7165,165.6475,187166.0
2021-12-22,0.1138095238095238,55035460.0,170.5325,169.2698,171.037,172.05,168.5005,158595.0
2021-12-23,0.1254220779220779,36761340.0,171.2011,170.428,171.0685,171.975,170.15,120595.0
2021-12-24,0.19375,36761340.0,171.2011,170.428,171.0685,171.975,170.15,120595.0
2021-12-25,0.25,36761340.0,171.2011,170.428,171.0685,171.975,170.15,120595.0
2021-12-26,0.1949624594155844,36761340.0,171.2011,170.428,171.0685,171.975,170.15,120595.0
2021-12-27,0.1259848484848484,58846820.0,170.4815,171.037,169.6695,172.943,169.2155,198803.0
2021-12-28,0.2454166666666666,54672560.0,170.7623,170.1825,170.661,172.1759,169.1355,161457.0
2021-12-29,0.0291111111111111,35754040.0,169.3769,170.84,169.201,171.212,168.6005,131064.0
2021-12-30,0.2139141414141414,37583100.0,169.6832,169.7,168.6445,170.888,168.524,128162.0
2021-12-31,0.0118181818181818,47830380.0,167.5012,168.956,166.717,169.35,166.5585,140700.0
2022-01-01,0.1144503233392122,47830380.0,167.5012,168.956,166.717,169.35,166.5585,140700.0
2022-01-02,0.3242857142857143,47830380.0,167.5012,168.956,166.717,169.35,166.5585,140700.0
2022-01-03,0.0696064814814814,63869140.0,169.4552,167.55,170.4045,170.7035,166.1605,187695.0
2022-01-04,0.193452380952381,70725160.0,167.9275,170.438,167.522,171.4,166.3495,216278.0
2022-01-05,0.05,64302720.0,165.6015,166.883,164.357,167.1263,164.357,209498.0
2022-01-06,0.1675,51957780.0,163.4032,163.4505,163.254,164.8,161.9372,187655.0
2022-01-07,0.1436363636363636,46605900.0,162.9975,163.839,162.554,165.2433,162.031,156965.0
2022-01-08,0.1638023088023088,46605900.0,162.9975,163.839,162.554,165.2433,162.031,156965.0
2022-01-09,0.2041666666666667,46605900.0,162.9975,163.839,162.554,165.2433,162.031,156965.0
2022-01-10,0.1285714285714285,87798300.0,159.0496,160.5855,161.486,161.6615,156.3045,288179.0
2022-01-11,0.2136363636363636,62805580.0,164.4229,161.5,165.362,166.35,160.7015,170129.0
2022-01-12,0.0699999999999999,50024800.0,165.5409,166.575,165.207,166.878,164.417,138220.0
2022-01-13,0.295,52188300.0,162.8262,165.2505,161.214,166.2215,161.091,162678.0
2022-01-14,0.1642857142857142,45974860.0,161.1671,160.15,162.138,162.25,159.8005,150936.0
2022-01-15,0.1321527777777777,45974860.0,161.1671,160.15,162.138,162.25,159.8005,150936.0
2022-01-16,0.15,45974860.0,161.1671,160.15,162.138,162.25,159.8005,150936.0
2022-01-17,0.0635714285714285,45974860.0,161.1671,160.15,162.138,162.25,159.8005,150936.0
2022-01-18,0.2222222222222222,67441440.0,158.6915,159.105,158.9175,159.7345,157.6645,220225.0
2022-01-19,0.1632539682539682,53241920.0,157.5749,158.762,156.299,159.25,156.25,181587.0
2022-01-20,0.1017857142857142,71929120.0,154.7816,156.766,151.6675,158.0,151.351,243968.0
2022-01-21,0.0014285714285714,163347020.0,145.7674,149.95,142.643,150.9,142.0704,494299.0
2022-01-22,0.1425,163347020.0,145.7674,149.95,142.643,150.9,142.0704,494299.0
2022-01-23,0.25,163347020.0,145.7674,149.95,142.643,150.9,142.0704,494299.0
2022-01-24,0.2251111111111111,156042440.0,140.4399,139.0,144.544,144.945,135.352,453072.0
2022-01-25,0.0580113636363636,90731780.0,140.2871,142.2425,139.986,143.6,138.145,273095.0
2022-01-26,0.1309457671957671,95595300.0,140.9595,144.75,138.8725,145.1848,137.3185,288707.0
2022-01-27,0.1504978354978355,77515800.0,141.2653,140.8,139.6375,144.2435,139.35,229025.0
2022-01-28,0.1201190476190476,74364980.0,141.1229,140.8605,143.978,143.998,137.9293,219508.0
2022-01-29,0.1508571428571428,74364980.0,141.1229,140.8605,143.978,143.998,137.9293,219508.0
2022-01-30,0.0700952380952381,74364980.0,141.1229,140.8605,143.978,143.998,137.9293,219508.0
2022-01-31,0.0323358585858585,78243440.0,147.9346,144.75,149.5735,150.3605,144.3005,235928.0
2022-02-01,0.0425,59188340.0,150.1769,150.0,151.1935,151.708,147.6277,194880.0
2022-02-02,0.0395767195767195,87028100.0,150.9222,155.0504,150.6125,155.075,148.8636,259401.0
2022-02-03,0.1087626262626262,225223760.0,145.183,141.7375,138.8455,144.2475,138.333,689522.0
2022-02-04,0.0,253424860.0,156.8056,155.6065,157.6395,161.2,150.608,594972.0
2022-02-05,0.0554100529100529,253424860.0,156.8056,155.6065,157.6395,161.2,150.608,594972.0
2022-02-06,0.3476190476190476,253424860.0,156.8056,155.6065,157.6395,161.2,150.608,594972.0
2022-02-07,0.009375,102601180.0,159.8042,158.52,157.9355,162.6908,157.25,271384.0
2022-02-08,0.1002380952380952,76019000.0,159.3047,156.7505,161.4135,161.7925,155.5505,200679.0
2022-02-09,-0.0833333333333333,68785600.0,161.6946,162.8735,161.1895,163.8345,160.25,192966.0
2022-02-10,0.1025,68238920.0,159.2708,158.35,159.0035,160.7165,157.75,184543.0
2022-02-11,0.138079365079365,77100440.0,155.0777,158.1345,153.2935,159.0,152.7338,212986.0
2022-02-12,0.0470238095238095,77100440.0,155.0777,158.1345,153.2935,159.0,152.7338,212986.0
2022-02-13,0.1389204545454545,77100440.0,155.0777,158.1345,153.2935,159.0,152.7338,212986.0
2022-02-14,0.1476406926406926,83187500.0,155.6056,151.751,155.167,158.4483,151.65,226397.0
2022-02-15,0.2580357142857142,55470660.0,156.2902,157.6055,156.5105,158.007,154.6375,152636.0
2022-02-16,0.1,52704280.0,157.1798,155.7905,158.1005,158.834,154.7345,142445.0
2022-02-17,0.0849999999999999,63332500.0,157.007,158.146,154.6525,160.3488,154.5,176531.0
2022-02-18,0.0734126984126984,62584100.0,152.8469,155.4995,152.6015,155.4995,150.893,181911.0
2022-02-19,0.2457142857142857,62584100.0,152.8469,155.4995,152.6015,155.4995,150.893,181911.0
2022-02-20,0.1302380952380952,62584100.0,152.8469,155.4995,152.6015,155.4995,150.893,181911.0
2022-02-21,0.1,62584100.0,152.8469,155.4995,152.6015,155.4995,150.893,181911.0
2022-02-22,0.0674999999999999,66115440.0,150.5366,150.4785,150.1975,152.9825,148.4855,207596.0
2022-02-23,0.0093181818181818,64243560.0,147.2916,151.6505,144.827,151.763,144.651,193208.0
2022-02-24,0.0572222222222222,100724460.0,146.6162,139.8375,151.358,151.749,139.5,293521.0
2022-02-25,0.0494708994708994,62395360.0,152.3709,150.55,153.7885,153.99,149.2135,170754.0
2022-02-26,0.2021428571428571,62395360.0,152.3709,150.55,153.7885,153.99,149.2135,170754.0
2022-02-27,0.2404761904761904,62395360.0,152.3709,150.55,153.7885,153.99,149.2135,170754.0
2022-02-28,0.1439393939393939,57683420.0,152.6971,152.425,153.563,154.45,150.85,163660.0
2022-03-01,0.1,44873580.0,151.9461,152.7325,151.142,154.099,149.977,140282.0
2022-03-02,0.1293181818181818,47334720.0,151.4391,150.849,152.0525,152.9995,148.75,143143.0
2022-03-03,0.0169444444444444,65197200.0,149.3732,153.5315,147.8985,153.929,146.856,175602.0
2022-03-04,0.1742857142857143,60983120.0,145.3041,147.159,145.641,147.85,143.807,184545.0
2022-03-05,0.03,60983120.0,145.3041,147.159,145.641,147.85,143.807,184545.0
2022-03-06,0.0111111111111111,60983120.0,145.3041,147.159,145.641,147.85,143.807,184545.0
2022-03-07,0.1475396825396825,86933860.0,139.862,145.4435,137.453,146.0945,137.4165,295196.0
2022-03-08,0.1442063492063492,91661580.0,136.7795,136.6835,136.0145,140.6995,133.5725,271653.0
2022-03-09,0.1235714285714285,82644660.0,141.0772,139.5,139.279,140.25,136.828,242960.0
2022-03-10,0.096,135062900.0,146.5278,145.685,146.8175,148.6743,143.978,452547.0
2022-03-11,0.0206590909090909,68740560.0,147.3195,149.5745,145.5245,149.675,145.369,259320.0
2022-03-12,0.0986111111111111,68740560.0,147.3195,149.5745,145.5245,149.675,145.369,259320.0
2022-03-13,0.0307142857142857,68740560.0,147.3195,149.5745,145.5245,149.675,145.369,259320.0
2022-03-14,-0.0488888888888888,74086100.0,143.4822,145.981,141.853,147.45,140.884,246459.0
2022-03-15,0.1689898989898989,75134600.0,146.0056,142.85,147.3665,147.985,142.0,210416.0
2022-03-16,0.1015714285714285,80955580.0,150.3555,148.5,153.104,153.15,147.3535,244051.0
2022-03-17,0.2,72822140.0,155.3899,152.6405,157.239,157.4985,152.14,227124.0
2022-03-18,-0.0233333333333333,101792760.0,159.3395,156.813,161.2505,161.594,156.011,224781.0
2022-03-19,0.165079365079365,101792760.0,159.3395,156.813,161.2505,161.594,156.011,224781.0
2022-03-20,0.0573953823953823,101792760.0,159.3395,156.813,161.2505,161.594,156.011,224781.0
2022-03-21,0.145,66537520.0,161.225,161.1208,161.4915,163.084,159.553,210045.0
2022-03-22,0.0731601731601731,64074720.0,164.7107,161.8055,164.889,166.167,161.699,204044.0
2022-03-23,0.0851443001443001,55781860.0,164.4133,163.705,163.408,166.37,162.687,188829.0
2022-03-24,0.0143181818181818,56798060.0,162.5456,163.7495,163.6495,164.1185,160.05,188188.0
2022-03-25,0.2058068783068783,48985500.0,164.0965,164.0,164.7735,165.3685,162.25,155205.0
2022-03-26,0.0364646464646464,48985500.0,164.0965,164.0,164.7735,165.3685,162.25,155205.0
2022-03-27,0.1640589569160997,48985500.0,164.0965,164.0,164.7735,165.3685,162.25,155205.0
2022-03-28,0.080064935064935,59853820.0,167.4399,164.975,168.9905,169.0375,164.9,209975.0
2022-03-29,0.0635714285714285,66083600.0,169.3586,170.384,169.315,170.8315,167.8685,218950.0
2022-03-30,0.2968181818181818,56167260.0,166.8931,168.5095,166.301,168.9505,165.5,190980.0
2022-03-31,0.1695238095238095,59965780.0,164.545,166.4448,162.9975,166.495,162.9535,178393.0
2022-04-01,0.1834523809523809,57089500.0,163.8428,164.1495,163.56,165.827,162.3195,190030.0
2022-04-02,0.1430174763508097,57089500.0,163.8428,164.1495,163.56,165.827,162.3195,190030.0
2022-04-03,0.0571428571428571,57089500.0,163.8428,164.1495,163.56,165.827,162.3195,190030.0
2022-04-04,0.1481385281385281,49990560.0,166.8326,164.125,168.3465,168.3945,163.2055,182091.0
2022-04-05,0.0536607142857142,53208960.0,165.1017,167.7415,164.055,168.1105,163.266,200700.0
2022-04-06,0.2033333333333333,79055760.0,159.2449,161.6505,158.756,162.2,157.2545,288818.0
2022-04-07,0.1538095238095238,67986780.0,157.3107,158.4,157.7845,160.079,154.5115,206600.0
2022-04-08,0.2762626262626262,46001660.0,155.5507,156.75,154.4605,157.3685,154.2308,175210.0
2022-04-09,-0.0642532467532467,46001660.0,155.5507,156.75,154.4605,157.3685,154.2308,175210.0
2022-04-10,0.1185470779220779,46001660.0,155.5507,156.75,154.4605,157.3685,154.2308,175210.0
2022-04-11,0.2094848484848484,52112340.0,151.9426,152.713,151.122,154.1365,150.5345,191267.0
2022-04-12,0.0886363636363636,55153440.0,152.6651,153.6925,150.7875,155.099,150.383,188356.0
2022-04-13,0.1273428731762065,53390880.0,153.6325,150.0185,155.541,156.025,149.6,157497.0
2022-04-14,-0.0069191919191919,51368140.0,153.0282,155.39,151.7065,155.897,151.4718,160091.0
2022-04-15,0.1728571428571428,51368140.0,153.0282,155.39,151.7065,155.897,151.4718,160091.0
2022-04-16,0.121875,51368140.0,153.0282,155.39,151.7065,155.897,151.4718,160091.0
2022-04-17,0.0371428571428571,51368140.0,153.0282,155.39,151.7065,155.897,151.4718,160091.0
2022-04-18,0.04,46513520.0,152.3018,151.5235,152.785,154.0395,150.2505,152087.0
2022-04-19,0.2804166666666666,54776420.0,156.5129,152.0295,158.1155,158.649,151.5505,169428.0
2022-04-20,0.2039682539682539,59630020.0,154.8394,157.6025,153.998,157.6025,153.6035,192621.0
2022-04-21,0.0483333333333333,63894220.0,151.0125,154.714,148.296,156.738,147.5895,241810.0
2022-04-22,0.2211111111111111,73066260.0,146.0176,148.25,144.35,149.615,143.6975,268369.0
2022-04-23,-0.0285714285714285,73066260.0,146.0176,148.25,144.35,149.615,143.6975,268369.0
2022-04-24,0.1444444444444444,73066260.0,146.0176,148.25,144.35,149.615,143.6975,268369.0
2022-04-25,0.0864285714285714,61859860.0,144.3677,144.023,146.074,146.2215,142.3065,214446.0
2022-04-26,0.175,77488460.0,140.5281,144.8,139.391,144.8558,138.9295,290592.0
2022-04-27,0.1058730158730158,71336300.0,139.0104,140.1915,138.167,141.9485,135.7835,244990.0
2022-04-28,-0.0277777777777777,117242140.0,139.2165,142.178,144.5965,145.9375,140.3,397332.0
2022-04-29,0.0203968253968253,272145720.0,125.7814,129.849,124.2815,130.761,121.625,973871.0
2022-04-30,0.1472222222222222,272145720.0,125.7814,129.849,124.2815,130.761,121.625,973871.0
2022-05-01,0.195,272145720.0,125.7814,129.849,124.2815,130.761,121.625,973871.0
2022-05-02,-0.1299350649350649,148121480.0,121.5775,122.401,124.5,124.6683,118.375,436831.0
2022-05-03,0.0433333333333333,78903360.0,124.3425,124.0535,124.2535,126.2205,122.825,252666.0
2022-05-04,0.0284848484848484,110622560.0,122.4663,123.6,125.9285,126.0,119.183,322959.0
2022-05-05,-0.0055555555555555,144191220.0,117.5274,123.0,116.407,123.499,115.0725,477797.0
2022-05-06,0.0942857142857142,122965900.0,115.2658,114.85,114.7725,119.0505,113.0813,354216.0
2022-05-07,0.1633333333333333,122965900.0,115.2658,114.85,114.7725,119.0505,113.0813,354216.0
2022-05-08,0.0765625,122965900.0,115.2658,114.85,114.7725,119.0505,113.0813,354216.0
2022-05-09,0.0343055555555555,128124120.0,110.5501,111.3125,108.789,114.0,107.957,397407.0
2022-05-10,0.2936904761904762,105283820.0,109.4087,111.25,108.859,112.6425,107.171,311580.0
2022-05-11,0.0933333333333333,109149640.0,106.8137,108.1035,105.372,110.156,104.4285,318471.0
2022-05-12,0.1007070707070707,131920140.0,106.4684,102.75,106.9305,110.7808,102.4055,360238.0
2022-05-13,0.0692857142857142,93642560.0,111.3962,109.069,113.055,113.184,107.8,262180.0
2022-05-14,0.1,93642560.0,111.3962,109.069,113.055,113.184,107.8,262180.0
2022-05-15,-0.1,93642560.0,111.3962,109.069,113.055,113.184,107.8,262180.0
2022-05-16,0.1187037037037036,73565740.0,111.6159,113.1,110.8105,113.9925,110.3541,203744.0
2022-05-17,0.2572222222222222,75184960.0,113.5596,113.275,115.3685,115.8,111.2765,206135.0
2022-05-18,0.2028505291005291,108379180.0,108.9392,111.4395,107.1125,112.853,106.2488,321103.0
2022-05-19,0.1270833333333333,88142540.0,108.1426,106.2805,107.319,110.034,106.1929,231400.0
2022-05-20,0.1392857142857143,98500640.0,107.2934,109.5685,107.591,109.898,105.0093,240569.0
2022-05-21,0.0666666666666666,98500640.0,107.2934,109.5685,107.591,109.898,105.0093,240569.0
2022-05-22,0.2166666666666666,98500640.0,107.2934,109.5685,107.591,109.898,105.0093,240569.0
2022-05-23,0.06,107507360.0,106.2543,108.461,107.557,108.8188,103.95,280951.0
2022-05-24,0.0269444444444444,102934680.0,103.5373,104.025,104.1,105.4,101.26,288720.0
2022-05-25,0.0401587301587301,93120100.0,106.4847,103.6555,106.775,108.175,103.65,215728.0
2022-05-26,0.0688690476190476,92522600.0,110.8901,107.97,111.0775,112.6655,107.4535,240811.0
2022-05-27,0.0280357142857142,94660360.0,113.9318,113.55,115.1465,115.187,112.628,257472.0
2022-05-28,0.1727777777777777,94660360.0,113.9318,113.55,115.1465,115.187,112.628,257472.0
2022-05-29,0.25,94660360.0,113.9318,113.55,115.1465,115.187,112.628,257472.0
2022-05-30,-0.025760582010582,94660360.0,113.9318,113.55,115.1465,115.187,112.628,257472.0
2022-05-31,0.0718181818181818,144634160.0,119.2054,116.28,120.2095,121.9945,115.675,354844.0
2022-06-01,0.0801481481481481,127528980.0,122.6519,122.256,121.684,125.179,120.6223,350147.0
2022-06-02,0.1051587301587301,100560680.0,123.4139,121.684,125.511,125.61,120.045,285780.0
2022-06-03,0.0369841269841269,97203320.0,122.626,124.2,122.35,124.4,121.0465,320769.0
2022-06-04,0.037037037037037,97203320.0,122.626,124.2,122.35,124.4,121.0465,320769.0
2022-06-05,0.025,97203320.0,122.626,124.2,122.35,124.4,121.0465,320769.0
2022-06-06,0.1936363636363636,135269024.0,125.9399,125.245,124.79,128.99,123.81,1740186.0
2022-06-07,-0.0613636363636363,85156712.0,122.312,122.005,123.0,124.1,120.63,856013.0
2022-06-08,0.0325,64926594.0,121.9755,122.61,121.18,123.75,120.75,599425.0
2022-06-09,0.1153273809523809,66997342.0,118.8313,119.99,116.15,121.3,116.1,650556.0
2022-06-10,0.036,87390505.0,110.4847,113.415,109.65,114.5,109.05,882204.0
2022-06-11,0.0039375233819678,87390505.0,110.4847,113.415,109.65,114.5,109.05,882204.0
2022-06-12,-0.0095238095238095,87390505.0,110.4847,113.415,109.65,114.5,109.05,882204.0
2022-06-13,0.0258333333333333,99277742.0,103.9449,104.19,103.67,106.54,101.86,872871.0
2022-06-14,0.1377777777777777,69728761.0,103.0364,104.19,102.31,104.88,101.43,628765.0
2022-06-15,0.0047474747474747,85011060.0,106.2456,103.86,107.67,109.06,103.53,692699.0
2022-06-16,0.1453968253968253,82179528.0,103.3755,104.47,103.66,104.58,102.01,749458.0
2022-06-17,0.1717857142857143,99772147.0,105.5228,102.8,106.22,106.98,102.51,624544.0
2022-06-18,0.1069223985890652,99772147.0,105.5228,102.8,106.22,106.98,102.51,624544.0
2022-06-19,0.25,99772147.0,105.5228,102.8,106.22,106.98,102.51,624544.0
2022-06-20,0.3785714285714285,99772147.0,105.5228,102.8,106.22,106.98,102.51,624544.0
2022-06-21,0.1464682539682539,70880245.0,109.3276,108.2,108.68,111.6299,103.56,618103.0
2022-06-22,0.1912433862433862,60040131.0,109.6782,107.43,108.95,112.13,107.02,523959.0
2022-06-23,0.1574107142857143,64339720.0,110.8645,110.39,112.44,113.0,107.93,558149.0
2022-06-24,0.1598214285714285,69867618.0,115.0341,112.38,116.46,116.71,111.43,607496.0
2022-06-25,0.236111111111111,69867618.0,115.0341,112.38,116.46,116.71,111.43,607496.0
2022-06-26,0.0952380952380952,69867618.0,115.0341,112.38,116.46,116.71,111.43,607496.0
2022-06-27,0.2,62118440.0,114.2036,117.09,113.22,117.98,112.7,579709.0
2022-06-28,0.0422222222222222,75166660.0,109.4793,113.5,107.4,114.85,107.04,762526.0
2022-06-29,0.2252380952380952,66361851.0,109.1282,107.38,108.92,110.99,106.91,601680.0
2022-06-30,0.0623863636363636,97679401.0,105.6174,108.11,106.21,108.18,102.52,879806.0
2022-07-01,0.1526587301587301,73021171.0,108.2573,106.29,109.56,109.75,105.8469,696805.0
2022-07-02,0.0844444444444444,73021171.0,108.2573,106.29,109.56,109.75,105.8469,696805.0
2022-07-03,0.2144155844155844,73021171.0,108.2573,106.29,109.56,109.75,105.8469,696805.0
2022-07-04,0.1044444444444444,73021171.0,108.2573,106.29,109.56,109.75,105.8469,696805.0
2022-07-05,0.1384280303030303,76684414.0,111.5616,107.6,113.5,114.08,106.3242,692964.0
2022-07-06,0.088989898989899,66958884.0,113.8468,113.21,114.33,115.48,112.01,594759.0
2022-07-07,0.1285714285714285,57872323.0,115.5833,113.85,116.33,116.99,113.49,544626.0
2022-07-08,0.0,45719694.0,115.3672,114.6,115.54,116.58,113.69,409929.0
2022-07-09,0.0910493827160493,45719694.0,115.3672,114.6,115.54,116.58,113.69,409929.0
2022-07-10,0.1111111111111111,45719694.0,115.3672,114.6,115.54,116.58,113.69,409929.0
2022-07-11,-0.08,53535519.0,112.3426,114.08,111.75,114.3,110.87,515646.0
2022-07-12,0.1349999999999999,54280257.0,110.1722,112.16,109.22,113.23,108.34,574378.0
2022-07-13,0.0,61344812.0,109.9975,107.03,110.4,111.78,106.01,624220.0
2022-07-14,0.1342857142857142,51163140.0,109.4,110.24,110.63,111.18,107.58,529093.0
2022-07-15,0.1115079365079364,84317816.0,113.813,112.5,113.55,115.59,111.59,657502.0
2022-07-16,-0.0552313612313612,84317816.0,113.813,112.5,113.55,115.59,111.59,657502.0
2022-07-17,0.1261904761904762,84317816.0,113.813,112.5,113.55,115.59,111.59,657502.0
2022-07-18,0.0031547619047618,58115419.0,115.3239,115.0,113.76,117.24,113.15,533262.0
2022-07-19,0.03,60990043.0,116.97,115.7,118.21,118.95,114.03,529067.0
2022-07-20,0.1225,71268322.0,121.8831,118.615,122.77,123.475,118.32,628082.0
2022-07-21,0.1811111111111111,60239892.0,123.4436,123.2,124.63,124.85,121.26,540811.0
2022-07-22,0.0687301587301587,51457656.0,123.1489,125.01,122.42,125.5,121.3504,481496.0
2022-07-23,0.1385714285714286,51457656.0,123.1489,125.01,122.42,125.5,121.3504,481496.0
2022-07-24,0.0515873015873015,51457656.0,123.1489,125.01,122.42,125.5,121.3504,481496.0
2022-07-25,0.0664682539682539,50221259.0,121.2749,122.695,121.14,123.64,120.03,493826.0
2022-07-26,-0.0079166666666666,66575064.0,115.8692,115.79,114.81,118.15,114.53,587417.0
2022-07-27,0.0861904761904761,61582015.0,119.6463,117.31,120.97,121.9,117.16,552690.0
2022-07-28,0.2552380952380952,82233543.0,125.0867,121.57,122.28,122.84,118.08,741399.0
2022-07-29,0.0727777777777777,148279421.0,135.9208,134.9,134.95,137.65,132.41,1156951.0
2022-07-30,0.0066666666666666,148279421.0,135.9208,134.9,134.95,137.65,132.41,1156951.0
2022-07-31,0.130595238095238,148279421.0,135.9208,134.9,134.95,137.65,132.41,1156951.0
2022-08-01,-0.0040025252525252,76830108.0,136.3905,134.96,135.39,138.8339,133.51,706776.0
2022-08-02,0.1011111111111111,61922429.0,135.47,134.72,134.16,137.44,134.09,554084.0
2022-08-03,0.0495833333333333,71827780.0,138.9088,136.21,139.52,140.49,136.05,622396.0
2022-08-04,0.012470238095238,70544220.0,141.8862,140.58,142.57,143.56,139.55,624572.0
2022-08-05,0.1303273809523809,50597336.0,140.8713,140.1,140.8,142.86,139.6,488737.0
2022-08-06,0.0399431818181818,50597336.0,140.8713,140.1,140.8,142.86,139.6,488737.0
2022-08-07,0.1322077922077922,50597336.0,140.8713,140.1,140.8,142.86,139.6,488737.0
2022-08-08,0.1317195767195767,52303475.0,140.8102,142.05,139.41,144.23,138.29,539697.0
2022-08-09,0.1653571428571428,40434715.0,137.5259,138.052,137.83,138.9523,136.21,414878.0
2022-08-10,0.2077272727272727,54773819.0,142.4663,142.9,142.69,144.6,141.01,520059.0
2022-08-11,0.1386363636363636,44867336.0,141.9596,143.86,140.64,144.49,139.76,462722.0
2022-08-12,0.1399999999999999,47625184.0,141.9597,142.05,143.55,143.57,140.1201,431804.0
2022-08-13,-0.0592592592592592,47625184.0,141.9597,142.05,143.55,143.57,140.1201,431804.0
2022-08-14,0.0,47625184.0,141.9597,142.05,143.55,143.57,140.1201,431804.0
2022-08-15,0.0573737373737373,39014583.0,142.725,142.8,143.18,143.76,141.49,449136.0
2022-08-16,0.1660714285714286,59102859.0,144.2807,143.905,144.78,146.57,142.0,573566.0
2022-08-17,0.1666666666666666,48149778.0,142.0317,142.69,142.1,143.38,140.78,497832.0
2022-08-18,0.0843181818181818,37458737.0,141.974,141.32,142.3,142.77,140.38,408739.0
2022-08-19,0.0211931818181818,47792843.0,138.8431,140.47,138.23,141.11,137.9142,482372.0
2022-08-20,0.1964285714285714,47792843.0,138.8431,140.47,138.23,141.11,137.9142,482372.0
2022-08-21,0.16875,47792843.0,138.8431,140.47,138.23,141.11,137.9142,482372.0
2022-08-22,0.1060714285714285,50461504.0,133.8005,135.72,133.22,136.32,132.85,563053.0
2022-08-23,0.0393981481481481,36238603.0,133.9376,133.41,133.62,134.99,132.95,411991.0
2022-08-24,-0.0566666666666666,38626978.0,133.9873,132.75,133.8,135.47,132.1,396697.0
2022-08-25,0.033015873015873,37470633.0,136.2528,135.26,137.28,137.42,134.28,399626.0
2022-08-26,0.0217857142857142,53322663.0,132.908,136.55,130.75,137.83,130.5,576724.0
2022-08-27,0.0885714285714285,53322663.0,132.908,136.55,130.75,137.83,130.5,576724.0
2022-08-28,0.1285449735449735,53322663.0,132.908,136.55,130.75,137.83,130.5,576724.0
2022-08-29,0.1040773809523809,48101638.0,130.2288,129.9,129.79,131.9499,128.77,555265.0
2022-08-30,0.1413888888888889,49202990.0,128.5177,131.25,128.73,132.0745,126.85,535584.0
2022-08-31,0.005,53648702.0,127.9242,129.45,126.77,130.59,126.74,504228.0
2022-09-01,0.0013380832130832,56636145.0,125.8649,126.0,127.82,128.02,123.66,571470.0
2022-09-02,0.0141666666666666,57429829.0,128.735,129.5,127.51,131.38,126.39,545279.0
2022-09-03,0.1761111111111111,57429829.0,128.735,129.5,127.51,131.38,126.39,545279.0
2022-09-04,0.0482539682539682,57429829.0,128.735,129.5,127.51,131.38,126.39,545279.0
2022-09-05,0.0943587662337662,57429829.0,128.735,129.5,127.51,131.38,126.39,545279.0
2022-09-06,0.0586363636363636,43888587.0,126.2752,127.92,126.11,128.62,124.74,511678.0
2022-09-07,0.0934523809523809,47834487.0,128.1536,126.12,129.48,129.82,125.4,411435.0
2022-09-08,0.1961428571428571,43957909.0,128.8857,127.72,129.82,130.28,127.1,401127.0
2022-09-09,0.1973214285714285,49422259.0,132.4594,130.91,133.27,133.69,130.76,436563.0
2022-09-10,0.1428571428571428,49422259.0,132.4594,130.91,133.27,133.69,130.76,436563.0
2022-09-11,0.235204081632653,49422259.0,132.4594,130.91,133.27,133.69,130.76,436563.0
2022-09-12,-0.0055555555555555,53826859.0,135.6926,134.095,136.45,136.49,134.0,505064.0
2022-09-13,0.2599398148148148,72685970.0,128.679,131.01,126.82,131.4,126.27,688291.0
2022-09-14,0.0675378787878787,45270372.0,127.7555,127.364,128.55,128.84,126.33,487615.0
2022-09-15,0.0824801587301587,52761196.0,127.2969,127.38,126.28,130.37,125.495,549345.0
2022-09-16,-0.006875,115067804.0,122.754,122.78,123.53,123.87,120.7,789757.0
2022-09-17,0.1369841269841269,115067804.0,122.754,122.78,123.53,123.87,120.7,789757.0
2022-09-18,0.3428571428571428,115067804.0,122.754,122.78,123.53,123.87,120.7,789757.0
2022-09-19,0.0241666666666666,47279727.0,123.7826,122.16,124.66,124.71,121.8,448967.0
2022-09-20,0.125,47698432.0,122.7821,123.35,122.19,124.3963,121.14,474180.0
2022-09-21,0.1475297619047619,58491687.0,120.996,122.49,118.54,123.76,118.45,570477.0
2022-09-22,0.1048214285714285,55229190.0,117.2526,117.08,117.31,118.79,116.26,581894.0
2022-09-23,0.19,65126665.0,113.9603,116.0,113.78,116.05,112.06,668706.0
2022-09-24,-0.0007936507936508,65126665.0,113.9603,116.0,113.78,116.05,112.06,668706.0
2022-09-25,0.1311688311688311,65126665.0,113.9603,116.0,113.78,116.05,112.06,668706.0
2022-09-26,0.0205681818181818,62723268.0,115.5794,113.295,115.15,117.34,113.13,637547.0
2022-09-27,0.1552380952380952,60049093.0,115.1425,117.195,114.41,118.32,113.05,570325.0
2022-09-28,-0.0049305555555555,55763750.0,116.742,114.38,118.01,118.7,113.8,519756.0
2022-09-29,0.123125,58469714.0,114.4762,115.6,114.8,116.07,113.06,532322.0
2022-09-30,0.0397023809523809,59479586.0,114.4292,114.075,113.0,116.92,112.84,542095.0
2022-10-01,0.0136363636363636,59479586.0,114.4292,114.075,113.0,116.92,112.84,542095.0
2022-10-02,0.2128571428571428,59479586.0,114.4292,114.075,113.0,116.92,112.84,542095.0
2022-10-03,0.03125,50861854.0,115.1191,113.58,115.88,116.91,112.45,483031.0
2022-10-04,0.0794092712842712,62812564.0,121.4554,119.89,121.09,123.0,119.79,592081.0
2022-10-05,-0.0015277777777777,48206285.0,119.8443,118.58,120.95,121.75,117.69,468866.0
2022-10-06,0.1677777777777778,42253755.0,120.5259,120.77,120.3,121.53,119.5,401176.0
2022-10-07,0.055064935064935,54550480.0,115.361,118.0,114.56,118.17,113.88,520418.0
2022-10-08,-0.0444444444444444,54550480.0,115.361,118.0,114.56,118.17,113.88,520418.0
2022-10-09,0.1666666666666666,54550480.0,115.361,118.0,114.56,118.17,113.88,520418.0
2022-10-10,0.0498611111111111,42339675.0,114.0944,115.1,113.67,116.25,112.43,479742.0
2022-10-11,-0.0581818181818181,56432233.0,112.646,112.71,112.21,115.48,110.39,553686.0
2022-10-12,0.2592857142857143,45728660.0,112.7516,112.49,112.9,113.83,111.4,433707.0
2022-10-13,0.0971879509379509,86621449.0,110.1859,107.88,112.53,113.44,105.345,841708.0
2022-10-14,0.1110714285714285,67737344.0,109.2313,114.1,106.9,114.96,106.6,677312.0
2022-10-15,0.278030303030303,67737344.0,109.2313,114.1,106.9,114.96,106.6,677312.0
2022-10-16,0.2799999999999999,67737344.0,109.2313,114.1,106.9,114.96,106.6,677312.0
2022-10-17,0.1005952380952381,62775235.0,112.8903,110.11,113.79,114.19,110.09,592054.0
2022-10-18,0.0958333333333333,65107448.0,116.5121,119.06,116.36,119.52,114.79,539445.0
2022-10-19,-0.0145833333333333,47198122.0,114.8511,114.71,115.07,116.5932,113.22,435997.0
2022-10-20,0.0703075396825397,48762204.0,116.1986,113.83,115.25,118.24,113.51,444457.0
2022-10-21,0.0432828282828282,55660485.0,117.3135,114.792,119.32,119.59,114.5,488398.0
2022-10-22,0.0841269841269841,55660485.0,117.3135,114.792,119.32,119.59,114.5,488398.0
2022-10-23,0.0521428571428571,55660485.0,117.3135,114.792,119.32,119.59,114.5,488398.0
2022-10-24,0.2164682539682539,49515723.0,119.1007,119.98,119.82,120.39,116.57,492367.0
2022-10-25,0.129375,50914609.0,120.1721,119.65,120.6,121.3152,118.95,469716.0
2022-10-26,0.1493333333333333,69002457.0,116.3567,116.0,115.66,119.3457,114.76,645399.0
2022-10-27,-0.0169886363636363,129580962.0,105.5936,113.92,110.96,114.12,109.77,1337216.0
2022-10-28,0.0286904761904761,223038298.0,100.7597,97.905,103.41,103.96,97.66,1866116.0
2022-10-29,0.0066666666666666,223038298.0,100.7597,97.905,103.41,103.96,97.66,1866116.0
2022-10-30,-0.0208333333333333,223038298.0,100.7597,97.905,103.41,103.96,97.66,1866116.0
2022-10-31,0.0489696969696969,99248920.0,102.2496,103.56,102.44,104.87,100.74,755820.0
2022-11-01,0.1,153370022.0,98.2156,103.99,96.79,104.58,96.06,1356112.0
2022-11-02,0.1633730158730158,135730798.0,94.8311,97.315,92.12,97.74,92.01,1199947.0
2022-11-03,-0.0064285714285714,136651803.0,90.382,92.47,89.3,93.5,89.02,1217237.0
2022-11-04,0.033,128579836.0,90.1098,91.49,90.98,92.44,88.04,1000081.0
2022-11-05,0.0398214285714285,128579836.0,90.1098,91.49,90.98,92.44,88.04,1000081.0
2022-11-06,0.155,128579836.0,90.1098,91.49,90.98,92.44,88.04,1000081.0
2022-11-07,0.0341071428571428,77479228.0,90.1954,91.95,90.53,92.1,89.04,717300.0
2022-11-08,0.0945833333333333,87671870.0,90.2606,90.79,89.98,91.72,88.23,710063.0
2022-11-09,0.1537301587301587,90765821.0,87.0753,89.47,86.14,89.48,85.87,811927.0
2022-11-10,-0.0188888888888888,173282812.0,95.5593,92.935,96.63,98.69,91.65,1275893.0
2022-11-11,0.045813492063492,111558544.0,99.7744,97.88,100.79,101.19,96.66,865502.0
2022-11-12,-0.04375,111558544.0,99.7744,97.88,100.79,101.19,96.66,865502.0
2022-11-13,0.284375,111558544.0,99.7744,97.88,100.79,101.19,96.66,865502.0
2022-11-14,-0.0362499999999999,99533072.0,98.7897,98.77,98.49,100.1199,97.29,735582.0
2022-11-15,0.1649999999999999,111269317.0,100.1903,103.21,98.94,103.79,97.34,824194.0
2022-11-16,-0.0227777777777777,87708828.0,97.0423,96.85,97.12,98.4879,95.54,679234.0
2022-11-17,0.0384523809523809,81597465.0,95.3654,95.37,94.85,96.97,94.03,632568.0
2022-11-18,0.0796507936507936,72413785.0,93.9287,95.95,94.14,95.99,92.48,553023.0
2022-11-19,0.1584848484848485,72413785.0,93.9287,95.95,94.14,95.99,92.48,553023.0
2022-11-20,0.2291666666666666,72413785.0,93.9287,95.95,94.14,95.99,92.48,553023.0
2022-11-21,0.0056547619047619,84317770.0,92.0876,93.97,92.46,95.02,90.59,679098.0
2022-11-22,0.0111111111111111,62166962.0,92.6175,92.62,93.2,93.35,90.87,454878.0
2022-11-23,0.1417063492063492,59414684.0,93.8426,93.24,94.13,94.58,92.83,433372.0
2022-11-24,0.1541666666666666,59414684.0,93.8426,93.24,94.13,94.58,92.83,433372.0
2022-11-25,0.1792857142857143,35088609.0,93.7731,93.79,93.41,94.43,93.065,297836.0
2022-11-26,0.0318181818181818,35088609.0,93.7731,93.79,93.41,94.43,93.065,297836.0
2022-11-27,0.0249206349206349,35088609.0,93.7731,93.79,93.41,94.43,93.065,297836.0
2022-11-28,0.2075,75062316.0,94.4403,93.93,93.95,96.4,93.43,572356.0
2022-11-29,0.1337301587301587,65567286.0,92.5691,94.04,92.42,94.41,91.44,535131.0
2022-11-30,0.0636363636363636,102805806.0,94.2545,92.47,96.54,96.54,91.525,698414.0
2022-12-01,0.0359523809523809,68487969.0,95.9432,96.99,95.5,97.23,94.92,566475.0
2022-12-02,0.086103896103896,72496388.0,94.326,94.475,94.13,95.36,93.78,564715.0
2022-12-03,0.1285714285714285,72496388.0,94.326,94.475,94.13,95.36,93.78,564715.0
2022-12-04,-0.0027777777777777,72496388.0,94.326,94.475,94.13,95.36,93.78,564715.0
2022-12-05,0.0847619047619047,71535526.0,91.9759,93.05,91.01,94.06,90.82,635423.0
2022-12-06,0.106765873015873,75503628.0,88.9878,90.5,88.25,91.04,87.9,697936.0
2022-12-07,0.18,68086880.0,88.3485,88.34,88.46,89.89,87.48,554420.0
2022-12-08,0.1699999999999999,73305887.0,89.9326,89.24,90.35,90.86,87.88,560413.0
2022-12-09,-0.0394444444444444,67398506.0,89.4021,88.9,89.09,90.3,88.63,530211.0
2022-12-10,0.18375,67398506.0,89.4021,88.9,89.09,90.3,88.63,530211.0
2022-12-11,0.0148148148148148,67398506.0,89.4021,88.9,89.09,90.3,88.63,530211.0
2022-12-12,0.0483030303030303,61999762.0,89.3311,89.21,90.55,90.58,87.87,516683.0
2022-12-13,0.1290079365079365,100212038.0,93.1398,95.23,92.49,96.25,90.52,773656.0
2022-12-14,0.1952380952380952,70283506.0,92.1202,92.502,91.58,93.4581,89.87,542344.0
2022-12-15,0.023015873015873,84802877.0,88.4099,89.89,88.45,89.97,87.47,698193.0
2022-12-16,0.1420714285714285,146144064.0,87.8097,88.265,87.86,89.35,86.73,629942.0
2022-12-17,0.0457142857142857,146144064.0,87.8097,88.265,87.86,89.35,86.73,629942.0
2022-12-18,0.1238095238095238,146144064.0,87.8097,88.265,87.86,89.35,86.73,629942.0
2022-12-19,0.1463552188552188,83530060.0,85.4789,87.51,84.92,87.63,84.51,746547.0
2022-12-20,0.0511111111111111,74348301.0,85.3938,85.33,85.19,86.61,84.33,536646.0
2022-12-21,0.0892857142857142,59067156.0,86.5524,86.175,86.77,87.225,85.21,466873.0
2022-12-22,0.0506481481481481,81431314.0,83.5866,85.52,83.79,85.68,82.25,701868.0
2022-12-23,0.2425,57433655.0,84.5241,83.25,85.25,85.78,82.9344,478256.0
2022-12-24,0.1033333333333333,57433655.0,84.5241,83.25,85.25,85.78,82.9344,478256.0
2022-12-25,0.25,57433655.0,84.5241,83.25,85.25,85.78,82.9344,478256.0
2022-12-26,0.1989682539682539,57433655.0,84.5241,83.25,85.25,85.78,82.9344,478256.0
2022-12-27,0.2149338624338624,57284035.0,83.7693,84.97,83.04,85.35,83.0,499691.0
2022-12-28,0.189047619047619,58228575.0,82.3609,82.8,81.82,83.48,81.69,521291.0
2022-12-29,0.2229523809523809,54995895.0,83.7973,82.87,84.18,84.55,82.55,473303.0
2022-12-30,0.0518181818181818,62401194.0,83.186,83.12,84.0,84.05,82.47,482279.0
2022-12-31,0.1369841269841269,62401194.0,83.186,83.12,84.0,84.05,82.47,482279.0
2023-01-01,0.2308020683020683,62401194.0,83.186,83.12,84.0,84.05,82.47,482279.0
2023-01-02,0.0626911976911976,62401194.0,83.186,83.12,84.0,84.05,82.47,482279.0
2023-01-03,0.1859523809523809,76706040.0,85.5452,85.46,85.82,86.96,84.205,575321.0
2023-01-04,0.1015728715728715,68885123.0,85.1301,86.55,85.14,86.98,83.36,575729.0
2023-01-05,0.0475,67930825.0,83.7788,85.33,83.12,85.42,83.07,532666.0
2023-01-06,0.1680952380952381,83303361.0,84.4954,83.03,86.08,86.4,81.43,657438.0
2023-01-07,0.1944444444444444,83303361.0,84.4954,83.03,86.08,86.4,81.43,657438.0
2023-01-08,0.1125,83303361.0,84.4954,83.03,86.08,86.4,81.43,657438.0
2023-01-09,-0.0766666666666666,65266056.0,88.3985,87.46,87.36,89.48,87.08,590215.0
2023-01-10,0.1622222222222222,67685201.0,89.3736,87.57,89.87,90.185,87.29,523587.0
2023-01-11,0.1,103126183.0,93.7151,90.93,95.09,95.26,90.93,741563.0
2023-01-12,0.0261746031746031,85254781.0,95.218,96.93,95.27,97.19,93.5,630928.0
2023-01-13,0.2679220779220779,85549432.0,96.997,94.18,98.12,98.37,94.12,619727.0
2023-01-14,0.0078787878787878,85549432.0,96.997,94.18,98.12,98.37,94.12,619727.0
2023-01-15,0.1875,85549432.0,96.997,94.18,98.12,98.37,94.12,619727.0
2023-01-16,0.0392857142857142,85549432.0,96.997,94.18,98.12,98.37,94.12,619727.0
2023-01-17,0.0744444444444444,72755001.0,96.7656,98.68,96.05,98.89,95.73,600669.0
2023-01-18,0.1861363636363636,79532870.0,96.8796,97.25,95.46,99.32,95.38,581769.0
2023-01-19,0.1349999999999999,68915663.0,93.9022,94.74,93.68,95.44,92.86,502112.0
2023-01-20,0.1285714285714285,67141539.0,95.8223,93.86,97.25,97.354,93.2025,467435.0
2023-01-21,0.1422222222222222,67141539.0,95.8223,93.86,97.25,97.354,93.2025,467435.0
2023-01-22,0.21875,67141539.0,95.8223,93.86,97.25,97.354,93.2025,467435.0
2023-01-23,0.1544444444444444,76487303.0,97.2175,97.56,97.52,97.78,95.86,589238.0
2023-01-24,0.0921306818181818,66929452.0,97.0691,96.93,96.32,98.09,96.0,480419.0
2023-01-25,0.1011904761904761,94261570.0,94.5588,92.56,97.18,97.24,91.52,696993.0
2023-01-26,0.26,68523557.0,98.522,98.235,99.22,99.49,96.92,531132.0
2023-01-27,0.105,87775614.0,101.8376,99.53,102.24,103.485,99.53,645609.0
2023-01-28,0.1344444444444444,87775614.0,101.8376,99.53,102.24,103.485,99.53,645609.0
2023-01-29,0.2367857142857143,87775614.0,101.8376,99.53,102.24,103.485,99.53,645609.0
2023-01-30,0.0225,70691860.0,100.5827,101.09,100.55,101.74,99.01,566993.0
2023-01-31,0.0931944444444444,66527253.0,102.5976,101.155,103.13,103.3484,101.14,481184.0
2023-02-01,0.1491197691197691,80450121.0,103.7156,102.53,105.15,106.24,101.24,642368.0
2023-02-02,0.2261111111111111,157942363.0,111.3451,110.245,112.91,114.0,108.88,1209503.0
2023-02-03,0.1436363636363636,144343628.0,105.7858,105.26,103.39,108.78,102.52,1134293.0
2023-02-04,0.1561363636363636,144343628.0,105.7858,105.26,103.39,108.78,102.52,1134293.0
2023-02-05,0.1732142857142857,144343628.0,105.7858,105.26,103.39,108.78,102.52,1134293.0
2023-02-06,0.1649999999999999,81945199.0,102.246,102.925,102.18,103.9484,100.65,625158.0
2023-02-07,0.025,119316301.0,100.2393,101.17,102.11,102.41,98.08,854814.0
2023-02-08,0.0394444444444444,74746154.0,100.1813,102.04,100.05,102.6699,98.775,548954.0
2023-02-09,-0.02375,64568489.0,99.3668,101.32,98.24,101.78,97.57,560764.0
2023-02-10,0.1554166666666666,52733633.0,97.4738,97.56,97.61,98.8163,96.23,487987.0
2023-02-11,-0.0007142857142857,52733633.0,97.4738,97.56,97.61,98.8163,96.23,487987.0
2023-02-12,0.2952380952380952,52733633.0,97.4738,97.56,97.61,98.8163,96.23,487987.0
2023-02-13,0.218313492063492,52775864.0,98.8244,97.85,99.54,99.68,96.91,432119.0
2023-02-14,0.148505291005291,56202698.0,99.0512,98.41,99.7,100.9207,97.52,458644.0
2023-02-15,0.0460714285714285,48053879.0,99.9413,99.09,101.16,101.17,98.45,412969.0
2023-02-16,0.15125,56309473.0,99.233,99.21,98.15,100.63,98.1,441738.0
2023-02-17,0.12,60029405.0,96.6185,97.8,97.2,97.94,95.65,485368.0
2023-02-18,0.1690079365079365,60029405.0,96.6185,97.8,97.2,97.94,95.65,485368.0
2023-02-19,0.25,60029405.0,96.6185,97.8,97.2,97.94,95.65,485368.0
2023-02-20,0.1916666666666666,60029405.0,96.6185,97.8,97.2,97.94,95.65,485368.0
2023-02-21,0.0694047619047619,56580360.0,94.7843,95.335,94.58,95.605,94.27,487312.0
2023-02-22,0.2092857142857143,59484094.0,95.9192,95.1,95.79,97.01,94.8,443044.0
2023-02-23,0.1034523809523809,48466994.0,95.2741,96.12,95.82,96.43,93.67,433360.0
2023-02-24,0.105625,57053812.0,93.1529,93.53,93.5,94.14,92.3186,486809.0
2023-02-25,0.1730654761904762,57053812.0,93.1529,93.53,93.5,94.14,92.3186,486809.0
2023-02-26,-0.1267857142857142,57053812.0,93.1529,93.53,93.5,94.14,92.3186,486809.0
2023-02-27,-0.0091991341991342,47470321.0,93.812,94.28,93.76,94.78,93.14,409004.0
2023-02-28,0.0494444444444444,43959290.0,93.9332,93.14,94.23,94.69,92.92,369518.0
2023-03-01,0.2079076479076479,52299524.0,92.56,93.87,92.17,94.68,91.59,449825.0
2023-03-02,0.1053571428571428,55563270.0,91.3175,91.41,92.13,92.23,90.39,456728.0
2023-03-03,0.0166666666666666,55741309.0,94.263,92.74,94.9,94.94,92.66,433448.0
2023-03-04,0.25,55741309.0,94.263,92.74,94.9,94.94,92.66,433448.0
2023-03-05,0.3149801587301587,55741309.0,94.263,92.74,94.9,94.94,92.66,433448.0
2023-03-06,0.0081481481481481,52112355.0,94.9337,95.19,93.75,96.545,93.74,424111.0
2023-03-07,0.0886011904761904,49090268.0,93.8849,94.06,93.55,95.09,92.78,380920.0
2023-03-08,0.1781349206349206,44899128.0,93.3325,93.6,93.92,94.165,92.18,351441.0
2023-03-09,0.1551785714285714,56218705.0,94.1054,93.68,92.25,96.21,92.18,452985.0
2023-03-10,0.1885416666666666,69827490.0,91.6025,92.67,90.73,93.57,90.245,594321.0
2023-03-11,0.1317460317460317,69827490.0,91.6025,92.67,90.73,93.57,90.245,594321.0
2023-03-12,0.1267573696145124,69827490.0,91.6025,92.67,90.73,93.57,90.245,594321.0
2023-03-13,0.1123214285714285,72397053.0,91.9457,89.97,92.43,94.02,88.12,607384.0
2023-03-14,0.1699999999999999,60912674.0,94.1575,93.83,94.88,95.07,92.71,464479.0
2023-03-15,0.1212962962962963,70536792.0,95.1396,93.22,96.2,96.67,93.07,560234.0
2023-03-16,0.0385714285714285,84238058.0,99.3317,95.75,100.04,100.99,95.61,693378.0
2023-03-17,0.2056825396825396,87280992.0,98.9601,99.79,98.95,100.66,97.455,510343.0
2023-03-18,0.3,87280992.0,98.9601,99.79,98.95,100.66,97.455,510343.0
2023-03-19,-0.15625,87280992.0,98.9601,99.79,98.95,100.66,97.455,510343.0
2023-03-20,0.103015873015873,62326911.0,97.0354,98.41,97.71,98.48,95.7,509445.0
2023-03-21,0.1442857142857143,58237275.0,99.6088,98.14,100.61,100.845,98.0,465171.0
2023-03-22,0.0674107142857142,57367105.0,100.2203,100.45,98.7,102.1,98.61,483998.0
2023-03-23,0.0792857142857142,57472010.0,99.529,100.43,98.71,101.06,97.62,469445.0
2023-03-24,0.0261363636363636,56138401.0,97.5291,98.065,98.13,98.3,96.4,419956.0
2023-03-25,0.1510204081632653,56138401.0,97.5291,98.065,98.13,98.3,96.4,419956.0
2023-03-26,0.0047619047619047,56138401.0,97.5291,98.065,98.13,98.3,96.4,419956.0
2023-03-27,0.1291919191919191,46704796.0,98.2207,99.07,98.04,99.34,97.08,382065.0
2023-03-28,0.0646338383838383,38720050.0,97.3171,98.11,97.24,98.44,96.29,313968.0
2023-03-29,0.0785714285714285,49783279.0,99.8089,98.69,100.25,100.4218,98.56,375796.0
2023-03-30,0.14125,53633398.0,101.9176,101.55,102.0,103.04,101.01,413471.0
2023-03-31,0.2685714285714285,56700317.0,102.9746,102.16,103.29,103.49,101.95,422311.0
2023-04-01,0.0218181818181818,56700317.0,102.9746,102.16,103.29,103.49,101.95,422311.0
2023-04-02,0.0333333333333333,56700317.0,102.9746,102.16,103.29,103.49,101.95,422311.0
2023-04-03,0.3648015873015873,41135733.0,102.2287,102.3,102.41,103.29,101.43,359080.0
2023-04-04,0.0428571428571428,48662496.0,103.3141,102.75,103.95,104.2,102.11,378108.0
2023-04-05,0.1531746031746031,45175393.0,101.636,103.91,101.1,103.91,100.7506,398442.0
2023-04-06,0.1149999999999999,43808020.0,101.3664,100.75,102.06,102.3817,99.8008,350990.0
2023-04-07,0.2821428571428571,43808020.0,101.3664,100.75,102.06,102.3817,99.8008,350990.0
2023-04-08,0.1053571428571428,43808020.0,101.3664,100.75,102.06,102.3817,99.8008,350990.0
2023-04-09,0.0,43808020.0,101.3664,100.75,102.06,102.3817,99.8008,350990.0
2023-04-10,0.1399999999999999,37261185.0,101.1068,100.96,102.17,102.2,99.57,336893.0
2023-04-11,0.1852380952380952,60028547.0,99.8852,100.8,99.92,101.0,99.01,508395.0
2023-04-12,0.0908928571428571,56735007.0,98.9701,100.4,97.83,100.51,97.705,460026.0
2023-04-13,0.1633333333333333,67925138.0,101.1854,98.95,102.4,102.57,98.71,516926.0
2023-04-14,0.0908333333333333,51175522.0,102.1347,102.07,102.51,103.2013,101.11,422097.0
2023-04-15,0.1875,51175522.0,102.1347,102.07,102.51,103.2013,101.11,422097.0
2023-04-16,0.1591269841269841,51175522.0,102.1347,102.07,102.51,103.2013,101.11,422097.0
2023-04-17,0.0257936507936507,39919457.0,102.5854,103.16,102.74,103.73,101.59,347495.0
2023-04-18,0.3834054834054834,39790518.0,102.4244,103.95,102.3,104.2,101.52,365986.0
2023-04-19,0.1625,58398890.0,103.9426,101.58,104.3,105.12,101.39,452914.0
2023-04-20,0.0424999999999999,57696866.0,104.073,103.53,103.81,105.25,103.21,432539.0
2023-04-21,0.1930158730158729,86734185.0,106.7879,106.1,106.96,108.15,105.08,700624.0
2023-04-22,0.0385335497835497,86734185.0,106.7879,106.1,106.96,108.15,105.08,700624.0
2023-04-23,0.0339285714285714,86734185.0,106.7879,106.1,106.96,108.15,105.08,700624.0
2023-04-24,0.3251190476190476,69572310.0,106.6833,107.655,106.21,109.23,105.07,531663.0
2023-04-25,-0.0013888888888888,65026818.0,103.8593,104.91,102.57,105.45,102.45,494317.0
2023-04-26,0.0552314814814814,73783977.0,105.511,105.04,104.98,106.62,104.1,578920.0
2023-04-27,0.0438888888888888,149900667.0,110.9409,108.16,109.82,110.86,106.8,1113448.0
2023-04-28,0.0858189033189033,130715946.0,105.8406,107.73,105.45,109.48,104.33,1015958.0
2023-04-29,0.253125,130715946.0,105.8406,107.73,105.45,109.48,104.33,1015958.0
2023-04-30,0.0583333333333333,130715946.0,105.8406,107.73,105.45,109.48,104.33,1015958.0
2023-05-01,0.1386363636363636,74659196.0,102.9682,104.95,102.05,105.23,101.82,583134.0
2023-05-02,0.0814285714285714,73458850.0,103.0701,101.47,103.63,103.9,101.15,533212.0
2023-05-03,0.354047619047619,65051925.0,104.7227,103.735,103.65,105.96,103.28,487540.0
2023-05-04,0.2203968253968253,45345523.0,104.3355,104.04,104.0,105.39,103.3117,372148.0
2023-05-05,0.1709722222222222,56951644.0,105.0963,104.27,105.655,105.76,103.55,440870.0
2023-05-06,0.3,56951644.0,105.0963,104.27,105.655,105.76,103.55,440870.0
2023-05-07,-0.15,56951644.0,105.0963,104.27,105.655,105.76,103.55,440870.0
2023-05-08,0.1071428571428571,49412909.0,105.5519,105.04,105.83,106.095,104.7001,379993.0
2023-05-09,0.0608333333333333,44089359.0,106.2617,105.48,106.62,106.79,105.1567,322823.0
2023-05-10,-0.0072222222222222,78627441.0,109.5931,108.1,110.19,110.67,108.05,617458.0
2023-05-11,-0.016547619047619,74924841.0,112.1671,111.03,112.18,113.28,110.49,556512.0
2023-05-12,0.1947619047619047,49852671.0,110.4731,112.16,110.26,112.64,109.3185,415047.0
2023-05-13,0.55,49852671.0,110.4731,112.16,110.26,112.64,109.3185,415047.0
2023-05-14,0.0,49852671.0,110.4731,112.16,110.26,112.64,109.3185,415047.0
2023-05-15,0.1098787878787878,52461045.0,110.6888,111.15,111.2,112.29,109.25,402849.0
2023-05-16,-0.0494191919191919,71340708.0,113.5435,111.05,113.4,114.7899,111.05,511222.0
2023-05-17,0.0679220779220779,65648177.0,115.2152,114.89,115.5,115.83,114.22,516297.0
2023-05-18,0.3377380952380952,73173987.0,117.5869,116.69,118.15,118.6,116.335,552169.0
2023-05-19,0.2626046176046176,55056307.0,116.6892,118.16,116.25,118.31,115.7,432817.0
2023-05-20,-0.0166666666666666,55056307.0,116.6892,118.16,116.25,118.31,115.7,432817.0
2023-05-21,0.1976666666666666,55056307.0,116.6892,118.16,116.25,118.31,115.7,432817.0
2023-05-22,0.2242857142857142,70720123.0,115.1666,116.77,115.01,116.77,114.25,548402.0
2023-05-23,0.2927777777777778,67576262.0,115.6139,114.27,114.99,117.14,113.78,457967.0
2023-05-24,0.1191666666666666,63453438.0,116.3022,115.35,116.75,117.34,115.02,493429.0
2023-05-25,0.1136363636363636,66496681.0,115.1167,116.63,115.0,116.87,114.31,538033.0
2023-05-26,0.0398412698412698,96779889.0,119.7818,116.04,120.11,121.5,116.02,740906.0
2023-05-27,0.11375,96779889.0,119.7818,116.04,120.11,121.5,116.02,740906.0
2023-05-28,-0.0259259259259259,96779889.0,119.7818,116.04,120.11,121.5,116.02,740906.0
2023-05-29,0.1037037037037036,96779889.0,119.7818,116.04,120.11,121.5,116.02,740906.0
2023-05-30,0.1399999999999999,64297208.0,121.6229,122.37,121.66,122.92,119.855,561348.0
2023-05-31,0.0208333333333333,72800787.0,120.4395,121.45,120.58,122.04,119.17,492145.0
2023-06-01,0.2251719576719577,54375131.0,122.2429,120.69,122.77,123.49,119.93,470500.0
2023-06-02,0.3,61264414.0,124.9012,124.92,124.25,126.39,124.015,518431.0
2023-06-03,-0.0414027777777777,61264414.0,124.9012,124.92,124.25,126.39,124.015,518431.0
2023-06-04,0.0166666666666666,61264414.0,124.9012,124.92,124.25,126.39,124.015,518431.0
2023-06-05,0.0359523809523809,47927308.0,124.901,123.36,125.3,125.8,123.03,433834.0
2023-06-06,0.1262301587301587,45692396.0,126.4033,125.07,126.61,127.4,125.0,405265.0
2023-06-07,0.069520202020202,95463275.0,122.8822,127.01,121.23,127.365,120.63,734460.0
2023-06-08,-0.0421212121212121,62146312.0,124.1726,123.01,124.25,125.625,122.2579,536307.0
2023-06-09,0.1275,51392018.0,124.1476,124.08,123.43,125.8,123.19,462583.0
2023-06-10,0.1441666666666666,51392018.0,124.1476,124.08,123.43,125.8,123.19,462583.0
2023-06-11,-0.078125,51392018.0,124.1476,124.08,123.43,125.8,123.19,462583.0
2023-06-12,0.0968181818181818,51473276.0,125.6287,124.02,126.57,126.78,123.53,442437.0
2023-06-13,0.0824999999999999,50549345.0,126.6264,128.12,126.66,128.41,125.18,463938.0
2023-06-14,0.1688095238095238,52422463.0,125.9897,126.7,126.42,126.95,124.12,422440.0
2023-06-15,0.097579365079365,60458471.0,126.4457,125.21,127.11,127.69,124.32,447494.0
2023-06-16,0.0067857142857142,84247054.0,126.2386,127.71,125.49,127.9,125.3,438497.0
2023-06-17,0.125,84247054.0,126.2386,127.71,125.49,127.9,125.3,438497.0
2023-06-18,0.039090909090909,84247054.0,126.2386,127.71,125.49,127.9,125.3,438497.0
2023-06-19,0.0552857142857142,84247054.0,126.2386,127.71,125.49,127.9,125.3,438497.0
2023-06-20,0.1668181818181818,56769122.0,125.7764,124.97,125.78,127.25,124.5,436492.0
2023-06-21,0.0490079365079365,52137670.0,125.0403,125.64,124.83,126.73,123.85,438227.0
2023-06-22,0.0886111111111111,90354572.0,128.8713,125.31,130.15,130.33,125.14,658049.0
2023-06-23,0.0994047619047619,71917746.0,129.7468,129.11,129.33,130.84,128.28,534789.0
2023-06-24,0.0880555555555555,71917746.0,129.7468,129.11,129.33,130.84,128.28,534789.0
2023-06-25,0.074025974025974,71917746.0,129.7468,129.11,129.33,130.84,128.28,534789.0
2023-06-26,0.0734523809523809,59989317.0,128.8065,129.33,127.33,131.49,127.1,469915.0
2023-06-27,-0.0407142857142857,46801099.0,128.884,128.63,129.18,130.085,127.55,391901.0
2023-06-28,-0.068531746031746,52149512.0,129.7581,128.94,129.04,131.48,128.44,442381.0
2023-06-29,0.1735714285714285,40760959.0,128.0166,128.77,127.9,129.26,127.255,367045.0
2023-06-30,0.0948412698412698,54327974.0,130.2735,129.47,130.36,131.245,128.95,437288.0
2023-07-01,0.0058333333333333,54327974.0,130.2735,129.47,130.36,131.245,128.95,437288.0
2023-07-02,0.2114478114478114,54327974.0,130.2735,129.47,130.36,131.245,128.95,437288.0
2023-07-03,0.4162301587301588,28264785.0,130.8295,130.82,130.22,131.85,130.065,288178.0
2023-07-04,0.1666666666666666,28264785.0,130.8295,130.82,130.22,131.85,130.065,288178.0
2023-07-05,0.075,35895409.0,130.3199,130.24,130.38,131.4,129.64,352167.0
2023-07-06,0.1519444444444444,40697848.0,128.268,128.25,128.36,128.73,127.37,393280.0
2023-07-07,0.1394047619047619,41992251.0,129.8568,128.59,129.78,130.97,128.1294,395217.0
2023-07-08,0.4404166666666667,41992251.0,129.8568,128.59,129.78,130.97,128.1294,395217.0
2023-07-09,0.0,41992251.0,129.8568,128.59,129.78,130.97,128.1294,395217.0
2023-07-10,0.0441666666666666,61889289.0,127.083,129.07,127.13,129.28,125.915,569506.0
2023-07-11,0.0642272727272727,49951460.0,128.6314,127.75,128.78,129.77,127.35,445921.0
2023-07-12,0.0804166666666666,53922847.0,130.2768,130.31,130.8,131.26,128.83,458437.0
2023-07-13,0.0372619047619047,61166283.0,133.882,134.04,134.3,134.67,132.71,531708.0
2023-07-14,0.0975,54466090.0,135.2716,134.06,134.68,136.65,134.06,486529.0
2023-07-15,0.0534848484848484,54466090.0,135.2716,134.06,134.68,136.65,134.06,486529.0
2023-07-16,0.15,54466090.0,135.2716,134.06,134.68,136.65,134.06,486529.0
2023-07-17,0.0673809523809524,48450198.0,133.8504,134.56,133.56,135.62,133.21,463529.0
2023-07-18,0.1445238095238095,54969133.0,132.6637,132.71,132.83,133.86,131.355,474707.0
2023-07-19,0.2400487012987013,54390507.0,135.0114,133.39,135.36,135.99,132.53,487048.0
2023-07-20,0.0136363636363636,59782329.0,131.4709,134.07,129.96,134.7915,129.33,568435.0
2023-07-21,0.1629401154401154,133282294.0,129.966,131.34,130.0,131.37,128.415,506609.0
2023-07-22,0.1928571428571428,133282294.0,129.966,131.34,130.0,131.37,128.415,506609.0
2023-07-23,0.2763492063492063,133282294.0,129.966,131.34,130.0,131.37,128.415,506609.0
2023-07-24,-0.0327777777777777,45670858.0,129.2815,130.305,128.8,131.66,128.35,391846.0
2023-07-25,0.0386363636363636,39219663.0,129.0005,129.31,129.13,129.58,128.53,374778.0
2023-07-26,0.0795093795093795,53910087.0,127.7909,126.51,128.15,129.08,126.11,524592.0
2023-07-27,0.1557936507936508,52610661.0,130.3938,131.0,128.25,132.63,127.79,499433.0
2023-07-28,0.15,46269781.0,131.8837,129.69,132.21,133.01,129.33,413438.0
2023-07-29,0.1125,46269781.0,131.8837,129.69,132.21,133.01,129.33,413438.0
2023-07-30,0.1751893939393939,46269781.0,131.8837,129.69,132.21,133.01,129.33,413438.0
2023-07-31,0.1972619047619047,41901516.0,133.341,133.2,133.68,133.87,132.38,406644.0
2023-08-01,0.05,42250989.0,132.247,133.55,131.69,133.69,131.6199,385743.0
2023-08-02,0.0825,50988614.0,128.3973,130.154,128.21,130.23,126.82,532942.0
2023-08-03,-0.0309920634920634,90855736.0,131.4941,127.48,128.91,129.84,126.41,746639.0
2023-08-04,0.0809999999999999,153091370.0,141.3899,141.06,139.57,143.63,139.32,1366815.0
2023-08-05,-0.25,153091370.0,141.3899,141.06,139.57,143.63,139.32,1366815.0
2023-08-06,0.0991428571428571,153091370.0,141.3899,141.06,139.57,143.63,139.32,1366815.0
2023-08-07,0.0843181818181818,71213112.0,141.0045,140.99,142.22,142.54,138.95,659134.0
2023-08-08,0.15,51706497.0,139.5936,140.62,139.94,140.84,138.42,509773.0
2023-08-09,0.0941666666666666,49910149.0,138.3272,139.97,137.85,140.32,137.1,428760.0
2023-08-10,0.1211111111111111,58804832.0,138.8765,139.075,138.56,140.41,137.49,460780.0
2023-08-11,-0.0080555555555555,42905833.0,138.3628,137.4,138.41,139.33,137.0,394897.0
2023-08-12,0.095,42905833.0,138.3628,137.4,138.41,139.33,137.0,394897.0
2023-08-13,0.0625,42905833.0,138.3628,137.4,138.41,139.33,137.0,394897.0
2023-08-14,0.0320238095238095,47148699.0,139.6426,138.3,140.57,140.59,137.75,404084.0
2023-08-15,0.08,42781521.0,138.368,140.05,137.67,141.2778,137.23,409077.0
2023-08-16,0.1128787878787878,41675903.0,136.0273,137.19,135.07,137.27,135.01,403275.0
2023-08-17,0.0542857142857142,48354085.0,134.6856,135.46,133.98,136.085,133.53,414339.0
2023-08-18,0.1713492063492063,48497595.0,132.7896,131.62,133.22,134.065,131.15,431787.0
2023-08-19,-0.0983333333333333,48497595.0,132.7896,131.62,133.22,134.065,131.15,431787.0
2023-08-20,0.2650297619047619,48497595.0,132.7896,131.62,133.22,134.065,131.15,431787.0
2023-08-21,0.3027023809523809,41442483.0,134.1416,133.74,134.68,135.185,132.71,348372.0
2023-08-22,0.0203787878787878,32935104.0,134.5803,135.08,134.25,135.65,133.73,328047.0
2023-08-23,0.1273015873015873,42786043.0,134.9818,134.5,135.52,135.95,133.22,382201.0
2023-08-24,0.1691666666666667,43646250.0,133.1621,136.4,131.84,136.775,131.83,406488.0
2023-08-25,0.1375,44147451.0,132.5207,132.47,133.26,133.87,130.58,405801.0
2023-08-26,0.2048340548340548,44147451.0,132.5207,132.47,133.26,133.87,130.58,405801.0
2023-08-27,-0.09375,44147451.0,132.5207,132.47,133.26,133.87,130.58,405801.0
2023-08-28,0.0875,33956210.0,132.7164,133.78,133.14,133.95,131.85,333029.0
2023-08-29,-0.0313636363636363,38646093.0,134.4652,133.38,134.91,135.14,133.25,361304.0
2023-08-30,0.0964285714285714,36130015.0,134.9916,134.93,135.07,135.68,133.92,325589.0
2023-08-31,0.1815079365079365,58431314.0,137.7906,135.06,138.01,138.7885,135.0,466038.0
2023-09-01,0.1638888888888889,40986536.0,137.9769,139.455,138.12,139.96,136.875,398729.0
2023-09-02,0.2162698412698412,40986536.0,137.9769,139.455,138.12,139.96,136.875,398729.0
2023-09-03,0.08,40986536.0,137.9769,139.455,138.12,139.96,136.875,398729.0
2023-09-04,0.2988095238095238,40986536.0,137.9769,139.455,138.12,139.96,136.875,398729.0
2023-09-05,0.16625,40627738.0,136.8707,137.73,137.27,137.8,135.82,363847.0
2023-09-06,0.1636904761904762,41785507.0,135.6483,136.32,135.36,137.45,134.61,399464.0
2023-09-07,-0.0674999999999999,48498912.0,136.5671,133.9,137.85,138.03,133.16,426888.0
2023-09-08,0.0980357142857142,38365929.0,138.0726,136.86,138.23,138.8519,136.75,351930.0
2023-09-09,0.0353741496598639,38365929.0,138.0726,136.86,138.23,138.8519,136.75,351930.0
2023-09-10,-0.0249999999999999,38365929.0,138.0726,136.86,138.23,138.8519,136.75,351930.0
2023-09-11,-0.0149999999999999,56755075.0,141.8303,138.75,143.1,143.62,138.64,546829.0
2023-09-12,-0.0042857142857142,42668452.0,141.6569,142.32,141.23,143.0,140.61,395583.0
2023-09-13,0.1028571428571428,60463535.0,143.8922,140.95,144.85,144.98,140.865,520765.0
2023-09-14,0.0387499999999999,64033607.0,144.8135,145.08,144.72,145.86,142.95,511529.0
2023-09-15,0.1154464285714285,102709327.0,141.01,142.69,140.39,143.57,140.09,563979.0
2023-09-16,0.2256172839506172,102709327.0,141.01,142.69,140.39,143.57,140.09,563979.0
2023-09-17,0.0385714285714285,102709327.0,141.01,142.69,140.39,143.57,140.09,563979.0
2023-09-18,0.1216666666666666,42823480.0,140.0755,140.48,139.98,141.75,139.22,346514.0
2023-09-19,-0.0084523809523809,61306070.0,136.9796,138.7,137.63,138.84,135.56,488181.0
2023-09-20,0.0161111111111111,46263716.0,136.9168,138.55,135.29,139.37,135.2,402932.0
2023-09-21,0.0634776334776334,70343342.0,130.543,131.94,129.33,132.24,129.31,643638.0
2023-09-22,0.1034523809523809,59604348.0,130.1616,131.11,129.12,132.03,128.52,486107.0
2023-09-23,-0.1052083333333333,59604348.0,130.1616,131.11,129.12,132.03,128.52,486107.0
2023-09-24,0.0861111111111111,59604348.0,130.1616,131.11,129.12,132.03,128.52,486107.0
2023-09-25,0.12,46017825.0,130.8524,129.36,131.27,131.78,128.77,412022.0
2023-09-26,0.0859523809523809,73007107.0,126.9474,130.12,125.98,130.39,125.28,619789.0
2023-09-27,-0.0479112554112553,66445149.0,125.4255,125.76,125.98,127.48,124.13,553870.0
2023-09-28,0.1299999999999999,54554968.0,125.0832,124.04,125.98,126.5801,123.04,493974.0
2023-09-29,0.3333333333333333,62411730.0,127.5752,128.2,127.12,129.15,126.32,439844.0
2023-09-30,0.1442857142857143,62411730.0,127.5752,128.2,127.12,129.15,126.32,439844.0
2023-10-01,0.1470238095238095,62411730.0,127.5752,128.2,127.12,129.15,126.32,439844.0
2023-10-02,0.1316666666666666,48029744.0,128.9332,127.28,129.46,130.47,126.54,436813.0
2023-10-03,0.0942857142857142,51559991.0,125.4743,128.06,124.72,128.52,124.2544,479690.0
2023-10-04,0.0777777777777777,44203870.0,126.5844,126.06,127.0,127.36,125.68,407400.0
2023-10-05,0.1631006493506493,39657043.0,125.6178,126.71,125.96,126.73,124.33,356273.0
2023-10-06,0.0839285714285714,46814698.0,126.7206,124.16,127.96,128.45,124.13,410286.0
2023-10-07,0.16875,46814698.0,126.7206,124.16,127.96,128.45,124.13,410286.0
2023-10-08,0.2366666666666666,46814698.0,126.7206,124.16,127.96,128.45,124.13,410286.0
2023-10-09,0.0348214285714285,38746138.0,126.9937,126.22,128.26,128.79,124.76,347739.0
2023-10-10,0.0055555555555555,42106579.0,129.6573,128.82,129.48,130.74,128.05,369847.0
2023-10-11,0.1503896103896103,40513342.0,130.7766,129.74,131.83,132.05,129.61,364557.0
2023-10-12,-0.0608636363636363,55528581.0,132.8411,132.17,132.33,134.48,131.23,475931.0
2023-10-13,0.0964285714285714,45824685.0,130.6094,132.98,129.79,133.3145,128.95,387721.0
2023-10-14,0.225,45824685.0,130.6094,132.98,129.79,133.3145,128.95,387721.0
2023-10-15,0.0328798185941043,45824685.0,130.6094,132.98,129.79,133.3145,128.95,387721.0
2023-10-16,0.0705411255411255,42832918.0,132.1167,130.69,132.55,133.07,130.425,395337.0
2023-10-17,0.0985714285714285,49344550.0,131.0178,130.39,131.47,132.58,128.71,400903.0
2023-10-18,0.1534220779220779,42623479.0,128.9454,129.9,128.13,130.6699,127.51,404632.0
2023-10-19,0.0776190476190476,60951105.0,129.8376,130.565,128.4,132.24,127.47,538131.0
2023-10-20,0.2158333333333333,56317010.0,125.9408,128.05,125.17,128.17,124.97,489131.0
2023-10-21,0.0897619047619047,56317010.0,125.9408,128.05,125.17,128.17,124.97,489131.0
2023-10-22,0.249537037037037,56317010.0,125.9408,128.05,125.17,128.17,124.97,489131.0
2023-10-23,0.1673015873015873,48216183.0,126.3045,124.63,126.56,127.88,123.98,423352.0
2023-10-24,0.1717857142857142,46180180.0,127.8959,127.74,128.56,128.8,126.34,399784.0
2023-10-25,0.0185714285714285,74516044.0,122.7378,126.04,121.39,126.34,120.79,738249.0
2023-10-26,0.0588888888888888,100240816.0,120.5788,120.63,119.57,121.6393,118.35,866555.0
2023-10-27,0.0333333333333333,125284313.0,128.1285,126.2,127.74,130.02,125.52,1056044.0
2023-10-28,0.269047619047619,125284313.0,128.1285,126.2,127.74,130.02,125.52,1056044.0
2023-10-29,0.2142255892255892,125284313.0,128.1285,126.2,127.74,130.02,125.52,1056044.0
2023-10-30,0.1818939393939394,72487505.0,131.7162,129.72,132.71,133.47,127.63,616263.0
2023-10-31,0.1328571428571428,51589380.0,132.7607,132.75,133.09,133.57,131.71,432954.0
2023-11-01,0.2728697691197691,61529409.0,135.7789,133.96,137.0,137.35,133.71,552684.0
2023-11-02,-0.079047619047619,52236693.0,137.6996,138.73,138.07,138.81,136.47,464074.0
2023-11-03,0.0992857142857142,44059805.0,138.5921,138.99,138.6,139.49,137.45,406045.0
2023-11-04,0.2947619047619048,44059805.0,138.5921,138.99,138.6,139.49,137.45,406045.0
2023-11-05,0.1880952380952381,44059805.0,138.5921,138.99,138.6,139.49,137.45,406045.0
2023-11-06,-0.0260714285714285,44772917.0,139.6921,138.76,139.74,140.73,138.36,392502.0
2023-11-07,0.0077857142857142,53540937.0,142.5042,140.55,142.71,143.37,140.5,469254.0
2023-11-08,0.2088744588744588,44521658.0,142.0397,142.97,142.08,143.12,141.2183,375299.0
2023-11-09,0.1311904761904762,36235367.0,141.2394,142.02,140.6,142.65,139.84,338545.0
2023-11-10,0.0759126984126984,49349937.0,142.378,140.46,143.56,143.65,139.91,410268.0
2023-11-11,0.1535714285714285,49349937.0,142.378,140.46,143.56,143.65,139.91,410268.0
2023-11-12,-0.1095348324514991,49349937.0,142.378,140.46,143.56,143.65,139.91,410268.0
2023-11-13,0.1161111111111111,35680570.0,142.3769,142.08,142.59,143.23,140.67,339006.0
2023-11-14,0.115595238095238,56674551.0,146.143,145.0,145.8,147.26,144.68,508013.0
2023-11-15,0.0842857142857142,63874520.0,143.957,147.06,143.2,147.29,142.59,550007.0
2023-11-16,0.0468452380952381,49653512.0,142.0802,140.91,142.83,143.32,139.52,444059.0
2023-11-17,0.1224512987012987,49361537.0,144.3592,142.66,145.18,145.23,142.545,381168.0
2023-11-18,0.1499025974025974,49361537.0,144.3592,142.66,145.18,145.23,142.545,381168.0
2023-11-19,0.1748015873015873,49361537.0,144.3592,142.66,145.18,145.23,142.545,381168.0
2023-11-20,0.1975,41978766.0,145.9368,145.13,146.13,146.63,144.725,380926.0
2023-11-21,-0.104,71225992.0,143.043,143.91,143.9,144.05,141.5,566880.0
2023-11-22,0.17875,45700002.0,146.7929,144.57,146.71,147.74,144.57,428449.0
2023-11-23,0.1419753086419753,45700002.0,146.7929,144.57,146.71,147.74,144.57,428449.0
2023-11-24,0.083125,22378379.0,146.3718,146.7,146.74,147.2,145.32,217521.0
2023-11-25,0.0285714285714285,22378379.0,146.3718,146.7,146.74,147.2,145.32,217521.0
2023-11-26,0.2,22378379.0,146.3718,146.7,146.74,147.2,145.32,217521.0
2023-11-27,0.1830952380952381,53762428.0,148.2873,147.53,147.73,149.26,146.88,465572.0
2023-11-28,0.1052380952380952,42711682.0,146.8346,146.98,147.03,147.5999,145.53,383221.0
2023-11-29,0.172813492063492,40610907.0,146.8633,147.85,146.32,148.54,145.97,358306.0
2023-11-30,0.0420238095238095,65814022.0,145.7585,144.76,146.09,146.93,144.332,460829.0
2023-12-01,0.1628896103896104,39949248.0,146.6909,146.0,147.03,147.245,145.55,361361.0
2023-12-02,0.2477777777777778,39949248.0,146.6909,146.0,147.03,147.245,145.55,361361.0
2023-12-03,0.117063492063492,39949248.0,146.6909,146.0,147.03,147.245,145.55,361361.0
2023-12-04,0.1720833333333333,48294244.0,144.4521,145.25,144.84,145.35,142.81,462624.0
2023-12-05,0.1949170274170274,46822411.0,146.6481,143.55,146.88,148.57,143.13,446158.0
2023-12-06,0.3004545454545454,39678960.0,145.5034,147.58,144.52,147.85,144.28,365815.0
2023-12-07,0.2155086580086579,52334830.0,146.7179,146.15,146.88,147.92,145.34,382096.0
2023-12-08,0.2533333333333333,41905965.0,146.9405,145.48,147.42,147.84,145.4,343829.0
2023-12-09,0.07475,41905965.0,146.9405,145.48,147.42,147.84,145.4,343829.0
2023-12-10,-0.225,41905965.0,146.9405,145.48,147.42,147.84,145.4,343829.0
2023-12-11,0.0911111111111111,50899808.0,145.3002,145.66,145.89,146.19,143.64,435149.0
2023-12-12,0.3675,44944264.0,146.7466,145.52,147.48,147.5,145.3,338593.0
2023-12-13,0.2027777777777777,52766196.0,148.2608,148.12,148.84,149.46,146.82,438472.0
2023-12-14,0.3524285714285714,58400848.0,147.8687,149.93,147.42,150.54,145.52,532121.0
2023-12-15,0.0072222222222222,110072142.0,149.535,148.38,149.97,150.57,147.88,492772.0
2023-12-16,0.1626936026936027,110072142.0,149.535,148.38,149.97,150.57,147.88,492772.0
2023-12-17,0.1199288806431663,110072142.0,149.535,148.38,149.97,150.57,147.88,492772.0
2023-12-18,0.1125,62512828.0,153.4071,150.56,154.07,154.855,150.05,511128.0
2023-12-19,0.0209523809523809,43171292.0,153.7217,154.4,153.79,155.12,152.69,384137.0
2023-12-20,0.160064935064935,50322106.0,153.6876,152.9,152.12,155.63,151.56,461445.0
2023-12-21,0.310952380952381,36305733.0,153.1091,153.3,153.84,153.97,152.1,350098.0
2023-12-22,0.104040404040404,29514093.0,153.5444,153.77,153.42,154.35,152.71,310942.0
2023-12-23,0.3299999999999999,29514093.0,153.5444,153.77,153.42,154.35,152.71,310942.0
2023-12-24,0.475,29514093.0,153.5444,153.77,153.42,154.35,152.71,310942.0
2023-12-25,0.0,29514093.0,153.5444,153.77,153.42,154.35,152.71,310942.0
2023-12-26,0.0048181818181818,25067222.0,153.4082,153.56,153.41,153.975,153.03,282620.0
2023-12-27,0.1060714285714285,31344733.0,153.643,153.56,153.34,154.78,153.12,311462.0
2023-12-28,0.0723015873015873,27057002.0,153.5269,153.72,153.38,154.08,152.95,301925.0
2023-12-29,0.2336931818181818,39728704.0,152.3277,153.1,151.94,153.89,151.03,353439.0
2023-12-30,0.1489898989898989,39728704.0,152.3277,153.1,151.94,153.89,151.03,353439.0
2023-12-31,0.1045454545454545,39728704.0,152.3277,153.1,151.94,153.89,151.03,353439.0
2024-01-01,0.3721397649969078,39728704.0,152.3277,153.1,151.94,153.89,151.03,353439.0
2024-01-02,0.2933333333333333,47314924.0,149.8529,151.54,149.93,152.38,148.39,476432.0
2024-01-03,0.1025,49410095.0,149.4055,149.2,148.47,151.05,148.33,416954.0
2024-01-04,0.0715714285714285,56039807.0,145.416,145.59,144.57,147.38,144.05,541342.0
2024-01-05,0.2316666666666667,45003147.0,145.4485,144.69,145.24,146.59,144.53,380385.0
2024-01-06,0.26,45003147.0,145.4485,144.69,145.24,146.59,144.53,380385.0
2024-01-07,0.3142857142857143,45003147.0,145.4485,144.69,145.24,146.59,144.53,380385.0
2024-01-08,0.315,46757053.0,148.3238,146.74,149.1,149.4,146.15,410733.0
2024-01-09,0.1740079365079365,43812567.0,150.6311,148.33,151.37,151.71,148.21,403026.0
2024-01-10,0.1086363636363636,44421830.0,153.4523,152.06,153.73,154.42,151.881,430517.0
2024-01-11,0.0492857142857142,49072691.0,155.0181,155.04,155.18,157.17,153.12,468131.0
2024-01-12,0.2478268398268398,40455355.0,154.8237,155.39,154.62,156.2,154.01,351913.0
2024-01-13,0.3416666666666667,40455355.0,154.8237,155.39,154.62,156.2,154.01,351913.0
2024-01-14,-0.00625,40455355.0,154.8237,155.39,154.62,156.2,154.01,351913.0
2024-01-15,0.2146825396825396,40455355.0,154.8237,155.39,154.62,156.2,154.01,351913.0
2024-01-16,0.1544285714285714,41360986.0,153.1344,153.53,153.16,154.99,152.15,396069.0
2024-01-17,0.0477922077922077,34953363.0,151.2287,151.49,151.71,152.15,149.91,354674.0
2024-01-18,0.2866666666666666,37850245.0,153.1334,152.77,153.5,153.775,151.82,344845.0
2024-01-19,0.1215357142857142,51621628.0,154.6116,153.83,155.34,155.76,152.74,408184.0
2024-01-20,0.3399999999999999,51621628.0,154.6116,153.83,155.34,155.76,152.74,408184.0
2024-01-21,0.1233333333333333,51621628.0,154.6116,153.83,155.34,155.76,152.74,408184.0
2024-01-22,0.1064285714285714,43687468.0,154.9418,156.89,154.78,157.05,153.9,427992.0
2024-01-23,0.1370238095238095,37986039.0,155.3239,154.85,156.02,156.21,153.93,353578.0
2024-01-24,0.045,48403865.0,157.4001,157.8,156.87,158.51,156.48,435420.0
2024-01-25,0.3147474747474747,43626052.0,157.1522,156.95,157.75,158.505,154.5501,455333.0
2024-01-26,0.1325,49312353.0,159.1859,158.42,159.12,160.72,157.91,426673.0
2024-01-27,0.0545454545454545,49312353.0,159.1859,158.42,159.12,160.72,157.91,426673.0
2024-01-28,0.0589225589225589,49312353.0,159.1859,158.42,159.12,160.72,157.91,426673.0
2024-01-29,0.3719047619047618,45270385.0,160.2769,159.34,161.26,161.29,158.9,447373.0
2024-01-30,0.335021645021645,45198365.0,159.4988,160.7,159.0,161.73,158.49,458713.0
2024-01-31,0.1549999999999999,50155866.0,156.2675,157.0,155.2,159.01,154.81,532780.0
2024-02-01,0.1003787878787878,76222119.0,160.6995,155.87,159.28,159.76,155.62,742977.0
2024-02-02,0.0718253968253968,117018313.0,170.9334,169.19,171.81,172.5,167.33,1134750.0
2024-02-03,0.2063392857142857,117018313.0,170.9334,169.19,171.81,172.5,167.33,1134750.0
2024-02-04,0.1488073593073592,117018313.0,170.9334,169.19,171.81,172.5,167.33,1134750.0
2024-02-05,0.06,54876149.0,169.5257,170.2,170.31,170.55,167.7,572534.0
2024-02-06,0.4042857142857142,42505518.0,168.8813,169.39,169.15,170.71,167.65,406692.0
2024-02-07,0.2844967532467532,47171760.0,170.181,169.48,170.53,170.88,168.94,452956.0
2024-02-08,0.140625,42309954.0,170.2667,169.65,169.84,171.43,168.88,399951.0
2024-02-09,0.106875,56985986.0,173.3948,170.9,174.45,175.0,170.5803,549269.0
2024-02-10,0.2689430014430015,56985986.0,173.3948,170.9,174.45,175.0,170.5803,549269.0
2024-02-11,-0.2127272727272727,56985986.0,173.3948,170.9,174.45,175.0,170.5803,549269.0
2024-02-12,0.1169444444444444,50922340.0,173.2976,174.8,172.34,175.39,171.54,512027.0
2024-02-13,-0.0163888888888888,56289922.0,168.877,167.73,168.64,170.95,165.75,572687.0
2024-02-14,-0.0099999999999999,42797544.0,170.0337,169.21,170.98,171.21,168.28,457092.0
2024-02-15,0.1418831168831169,49844196.0,169.4354,170.58,169.8,171.17,167.59,521439.0
2024-02-16,0.1447222222222222,48097744.0,169.1822,168.74,169.51,170.42,167.17,468194.0
2024-02-17,0.3589285714285714,48097744.0,169.1822,168.74,169.51,170.42,167.17,468194.0
2024-02-18,0.2916666666666667,48097744.0,169.1822,168.74,169.51,170.42,167.17,468194.0
2024-02-19,0.2435714285714285,48097744.0,169.1822,168.74,169.51,170.42,167.17,468194.0
2024-02-20,0.0599880952380952,41978976.0,166.9099,167.83,167.08,168.71,165.74,478319.0
2024-02-21,0.2125,44137123.0,168.5492,168.94,168.59,170.23,167.14,466025.0
2024-02-22,0.3789880952380952,55392354.0,173.5407,173.1,174.58,174.8,171.77,547144.0
2024-02-23,0.1876190476190476,59715243.0,174.7441,174.28,174.99,175.75,173.7,467172.0
2024-02-24,0.33,59715243.0,174.7441,174.28,174.99,175.75,173.7,467172.0
2024-02-25,-0.0333333333333333,59715243.0,174.7441,174.28,174.99,175.75,173.7,467172.0
2024-02-26,0.226026936026936,44368614.0,174.9955,175.7,174.73,176.37,174.26,428536.0
2024-02-27,0.09,31902434.0,173.7496,174.075,173.54,174.62,172.86,357794.0
2024-02-28,0.3166666666666666,28266776.0,173.3185,172.44,173.16,174.05,172.27,328705.0
2024-02-29,0.1666666666666666,53805071.0,175.7037,173.01,176.76,177.22,172.85,446964.0
2024-03-01,0.0072727272727272,31982767.0,177.8612,176.75,178.22,178.725,176.07,406713.0
